"id","grade","ref","tau","lvBeta","lvA","lvEes","laEmax","laEmin","laV0","vStressed","svr","cSys","pvr","hr","LAP","CO","SV","MAP","coMax","winLo","winHi","window","toWet","lap500","lap1000","co500","co1000","lapDiur","coDiur","aftLAP","aftSVpct","aftMAP","surgeLAP","surgeMAP","af70CO","af70LAP","af110CO","af110LAP","af130CO","af130LAP"
"g0-ref",0,1,0.035,0.029,0.22,2.3,1.6,0.2,10,705,0.95,1.3,0.048,70,6.8514,5.5917,79.866,96.776,5.7243,-550,1990,2540,1990,2.5261,5.288,0.11134,0.13254,-3.8095,-1.127,0.3332,-10.383,29.183,3.4159,39.704,-11.192,1.055,3.0283,1.3083,-1.9455,3.3193
"g0-001",0,0,0.032928,0.026993,0.22649,2.3606,1.982,0.16203,11.538,666.62,1.086,1.4666,0.044431,73.662,5.4528,5.6831,77.152,110.29,5.9587,-320,2000,2320,2000,2.3001,4.9246,0.20417,0.26398,-2.8775,-1.4589,0.041183,-12.299,31.047,2.93,47.274,-13.692,1.3617,-2.5418,1.6616,-7.4892,3.6263
"g0-002",0,0,0.034887,0.02817,0.21239,2.4234,1.9356,0.25746,10.213,678.46,0.93037,1.1961,0.079261,80.595,6.0904,6.001,74.439,101.34,6.2695,-330,2000,2330,2000,2.1762,4.7548,0.22396,0.26844,-2.5876,-1.577,0.2169,-10.097,31.215,3.1048,46.158,-16.867,0.91315,-3.9784,1.7154,-8.5488,3.9618
"g0-003",0,0,0.034367,0.030405,0.21507,2.2997,1.3665,0.20551,8.9818,741.49,1.115,1.5679,0.049771,74.963,7.3464,5.6139,74.888,112.08,5.7825,-490,1870,2360,1870,2.6479,5.4491,0.13851,0.16866,-3.8684,-1.1853,0.22633,-12.902,30.499,3.5524,43.225,-14.934,1.4713,-1.4862,1.2489,-5.7678,3.1641
"g0-004",0,0,0.030758,0.033494,0.22916,2.2336,1.5941,0.17703,14.101,726.15,1.0224,1.3354,0.037236,70.749,8.6595,5.306,74.987,98.23,5.4181,-620,1560,2180,1560,2.8883,5.8697,0.092005,0.11211,-5.1242,-0.92615,0.4499,-11.971,27.634,3.9892,37.109,-14.421,1.5707,4.7345,0.28917,1.8537,1.4102
"g0-005",0,0,0.037021,0.029976,0.17651,2.3015,1.4142,0.21106,7.9664,718.38,1.0308,1.1783,0.049411,74.291,7.2275,5.8233,78.413,108.4,5.9631,-540,1900,2440,1900,2.5853,5.3747,0.11947,0.13984,-3.6875,-1.2015,0.3992,-11.189,31.859,3.6302,43.152,-14.383,1.2117,-1.2758,1.612,-6.406,3.9322
"g0-006",0,0,0.033512,0.023823,0.2471,2.1821,1.4689,0.16308,12.585,796.13,1.0367,1.3122,0.054994,77.153,6.8486,6.2618,81.188,117.76,6.3824,-640,1990,2630,1990,2.4698,5.231,0.098206,0.12061,-3.242,-1.0827,0.20333,-10.754,35.12,3.0997,46.018,-17.23,1.6011,-1.6317,1.9069,-5.6196,4.1682
"g0-007",0,0,0.033056,0.023312,0.24297,1.9274,1.4659,0.18671,8.8381,725.54,0.80677,1.443,0.03812,58.611,6.2094,5.1694,88.204,78.26,5.2372,-730,2000,2730,2000,2.561,5.3826,0.063169,0.065555,-3.7507,-0.82138,0.21553,-8.5838,24.637,3.0504,32.413,2.2763,0.23913,19.308,0.98212,13.438,2.8964
"g0-008",0,0,0.037306,0.028426,0.2122,2.6313,1.8955,0.20522,10.499,653.26,0.92928,1.5421,0.037984,71.244,5.6357,5.799,81.371,97.387,6.0623,-320,2000,2320,2000,2.2713,4.8722,0.20955,0.26326,-2.922,-1.5475,-0.026088,-10.769,29.122,2.8181,44.133,-11.082,0.94448,-2.4386,1.963,-9.0063,4.3429
"g0-009",0,0,0.035838,0.029253,0.19463,2.7123,1.3516,0.16961,11.869,745.19,1.0907,1.1877,0.037559,73.565,7.2436,6.0926,82.813,119.55,6.2177,-600,1900,2500,1900,2.56,5.3597,0.1023,0.12513,-3.6776,-1.1359,0.24572,-10.631,36.253,3.3394,47.833,-15.174,1.4898,-1.8649,1.8268,-7.158,4.2551
"g0-010",0,0,0.029844,0.028753,0.22434,2.1835,1.5664,0.18652,8.7086,794.87,0.82064,1.1498,0.054967,64.301,7.9626,5.4009,84.016,83.825,5.4351,-910,1740,2650,1740,2.6853,5.549,0.034248,0.016231,-4.4504,-0.59802,0.54233,-8.3418,26.528,3.5834,33.483,-6.158,0.78315,17.674,0.54351,15.604,2.08
"g0-011",0,0,0.037211,0.038544,0.23077,2.6968,1.7116,0.20978,9.849,682.75,0.81971,1.1741,0.044452,65.594,8.8572,5.0129,76.455,76.213,5.1138,-610,1570,2180,1570,2.8471,5.7134,0.090956,0.096877,-5.3959,-0.91546,0.46851,-8.953,24.02,3.9541,32.169,-8.8925,1.0243,7.9928,0.22683,2.8373,1.7755
"g0-012",0,0,0.03506,0.024359,0.16888,2.5012,1.4143,0.22679,8.2035,714.1,0.89126,1.3762,0.050291,60.435,5.3589,5.4476,90.129,89.755,5.5686,-620,2000,2620,2000,2.4162,5.1057,0.089507,0.12103,-3.1692,-0.96769,-0.042197,-8.0674,29.509,2.6391,38.814,0.69277,0.16573,13.022,1.7533,5.7137,4.2334
"g0-013",0,0,0.040766,0.031695,0.23803,2.139,1.33,0.2247,8.4911,712.4,0.82368,1.2791,0.038348,72.221,8.5469,5.6552,78.339,85.896,5.7676,-580,1630,2210,1630,2.7836,5.6469,0.10119,0.10849,-4.6663,-1.1313,0.46651,-10.529,25.334,3.9109,34.173,-13.665,1.1183,0.013972,1.1737,-5.739,3.2268
"g0-014",0,0,0.03231,0.035191,0.19601,2.2608,1.5437,0.21527,9.0878,766.44,1.0631,1.1677,0.053398,73.009,9.6393,5.3419,73.156,103.02,5.4199,-730,1390,2120,1390,2.9272,5.9243,0.069421,0.075443,-5.4267,-0.80125,0.73546,-11.955,28.956,4.3624,37.698,-15.429,1.4941,4.577,0.26701,1.9176,1.5197
"g0-015",0,0,0.036499,0.03006,0.22554,2.0754,1.5677,0.17591,11.858,687.89,0.81579,1.3025,0.038934,72.81,7.1708,5.7902,79.54,86.957,5.9321,-520,1900,2420,1900,2.6194,5.4161,0.12284,0.1419,-4.009,-1.2566,0.35208,-10.398,25.868,3.5704,35.535,-15.007,1.3584,-0.25571,1.3361,-5.0868,3.1747
"g0-016",0,0,0.037789,0.028135,0.2619,2.2109,1.3707,0.14684,9.9296,688.3,0.93698,1.1972,0.033455,73.876,7.0725,5.8872,79.7,100.06,6.0536,-500,1910,2410,1910,2.606,5.4121,0.13491,0.16641,-3.7986,-1.3059,0.30156,-11.125,29.367,3.5124,40.452,-16.707,1.649,-4.0642,1.7336,-9.4836,3.8005
"g0-017",0,0,0.033877,0.033343,0.19478,1.9115,1.7318,0.19796,9.7184,763.9,0.99379,1.2574,0.051066,71.561,9.2851,5.2493,73.346,95.341,5.326,-730,1450,2180,1450,2.9022,5.9032,0.068219,0.07671,-5.288,-0.79717,0.73285,-12.233,26.157,4.3026,34.344,-14.627,1.4457,4.9804,0.43278,2.1182,1.7148
"g0-018",0,0,0.028033,0.032352,0.21528,2.4703,1.5796,0.14419,11.019,662.47,0.88923,1.1925,0.043275,76.834,6.5138,5.9934,78.034,96.844,6.1899,-450,2000,2450,2000,2.5745,5.3362,0.1572,0.19654,-3.7676,-1.3851,0.29604,-10.484,29.233,3.502,40.988,-19.34,1.9107,-1.4493,1.0716,-3.8886,2.3146
"g0-019",0,0,0.037856,0.025207,0.21156,2.647,1.8228,0.14825,8.9264,761.21,1.006,1.2504,0.046176,71.307,6.2043,6.2186,87.19,113.77,6.3455,-610,2000,2610,2000,2.3736,5.0722,0.10226,0.1269,-3.0194,-1.122,0.07626,-9.2197,36.343,2.7919,47.664,-13.126,1.3423,-1.5895,2.5544,-8.1408,5.3562
"g0-020",0,0,0.041035,0.028996,0.20871,2.3961,1.4576,0.25232,9.6359,730.39,0.81983,1.1197,0.047659,66.326,7.5482,5.5931,84.335,85.554,5.6577,-710,1860,2570,1860,2.5807,5.372,0.064684,0.055103,-4.0819,-0.92594,0.43542,-8.3246,27.522,3.4591,35.568,-6.871,0.54128,6.5111,1.7183,-0.54371,4.2918
"g0-021",0,0,0.031239,0.025366,0.20485,2.3654,1.7462,0.20421,13.603,621.78,1.1172,1.576,0.046747,63.423,4.45,4.9656,78.306,99.111,5.2141,-310,2000,2310,2000,2.2,4.8224,0.18947,0.2455,NA,NA,-0.014079,-11.777,28.647,2.6456,44.297,-3.1009,0.42998,5.9772,1.2317,0.31429,3.1137
"g0-022",0,0,0.033182,0.028884,0.20378,2.0354,1.4034,0.18114,11.026,677.14,0.92175,1.4296,0.049764,74.209,6.2038,5.6739,76.462,94.97,5.864,-430,2000,2430,2000,2.4871,5.2201,0.1546,0.19006,-3.4332,-1.3498,0.25391,-11.555,27.142,3.3707,38.915,-14.422,1.2702,-0.34596,1.2986,-4.5404,3.0546
"g0-023",0,0,0.032202,0.023828,0.25143,2.5332,1.4965,0.219,9.8195,647.03,0.94001,1.4906,0.03435,72.193,5.1673,6.0135,83.273,101.85,6.3008,-310,2000,2310,2000,2.1574,4.7497,0.22891,0.28722,NA,NA,-0.081865,-10.898,30.422,2.5749,46.707,-10.581,0.72527,-0.14136,1.7032,-5.8093,3.8561
"g0-024",0,0,0.036672,0.030016,0.21211,2.3024,1.5172,0.18883,9.3402,736.74,0.75493,1.5601,0.048961,69.051,6.8376,5.803,84.047,82.009,5.8967,-630,2000,2630,2000,2.4721,5.1957,0.087609,0.089092,-3.7778,-1.0685,0.24161,-8.7229,25.68,3.1383,34.224,-10.99,0.99314,4.2693,1.5341,-0.96199,3.6055
"g0-025",0,0,0.038387,0.030818,0.25835,2.1116,1.811,0.18977,11.03,727.32,0.87061,1.31,0.047347,79.09,8.1315,6.0119,76.007,95.722,6.1694,-500,1730,2230,1730,2.6865,5.5119,0.13236,0.15753,-4.0284,-1.314,0.42153,-11.244,27.549,3.8188,38.06,-20.5,1.8213,-5.7376,1.6395,-10.141,3.5458
"g0-026",0,0,0.036324,0.025523,0.18943,2.2295,1.3361,0.25855,9.733,716.99,0.86603,1.561,0.065746,80.493,5.8988,6.3266,78.585,99.947,6.5985,-330,2000,2330,2000,2.1143,4.6613,0.23117,0.27182,-2.2697,-1.6539,-0.043866,-10.575,29.858,2.6148,44.479,-15.906,0.65509,-4.2364,1.9686,-9.6365,4.4996
"g0-027",0,0,0.038273,0.028409,0.20465,2.4539,1.4564,0.19991,8.0068,682.43,0.92429,1.229,0.041348,66.56,6.4319,5.5553,83.441,93.796,5.6879,-540,2000,2540,2000,2.4595,5.1974,0.11277,0.13255,-3.6143,-1.1582,0.26507,-9.5026,29.391,3.2291,39.896,-7.6193,0.76236,3.4891,1.7085,-3.3236,4.0999
"g0-028",0,0,0.033286,0.026056,0.2235,1.8313,1.6057,0.20678,9.8589,676.52,1.1116,1.2668,0.048757,67.704,6.5519,5.0339,74.329,100.54,5.1818,-510,1990,2500,1990,2.6038,5.4336,0.1178,0.14792,-3.8797,-1.0763,0.41396,-12.657,27.607,3.6493,38.904,-8.0542,0.84039,5.6798,0.86089,1.0531,2.5967
"g0-029",0,0,0.028422,0.02831,0.22586,2.4823,1.6555,0.24626,11.258,659.14,0.74554,1.1207,0.033862,72.57,6.6474,6.177,85.139,85.275,6.3311,-510,2000,2510,2000,2.5084,5.2722,0.13765,0.15095,-3.7427,-1.3825,0.27103,-8.5228,27.463,3.3076,37.626,-12.384,0.80286,5.7112,0.84841,2.4607,2.4789
"g0-030",0,0,0.03569,0.027765,0.26286,2.3607,1.5881,0.16679,10.709,704.86,1.0014,1.1746,0.035922,79.522,7.2563,6.261,78.756,112.83,6.4685,-430,1900,2330,1900,2.5582,5.3296,0.16817,0.20751,-3.4456,-1.4562,0.25012,-11.541,32.78,3.492,46.142,-19.982,1.8426,-6.4829,1.8549,-11.143,3.9633
"g0-031",0,0,0.035088,0.025244,0.23143,2.3273,1.6109,0.18968,13.032,598.15,0.89977,1.1465,0.037871,67.341,5.0878,5.4909,81.519,89.625,5.718,-350,2000,2350,2000,2.2852,4.9354,0.18375,0.22704,NA,NA,0.14311,-9.7386,28.058,2.9571,41.145,-7.6493,0.67384,2.2788,1.6347,-4.2778,3.7372
"g0-032",0,0,0.034046,0.030196,0.2372,1.9664,1.7859,0.17181,7.6699,746.68,1.0314,1.4241,0.053256,68.884,7.8848,5.1754,75.122,97.022,5.2776,-640,1750,2390,1750,2.6953,5.5624,0.08504,0.10224,-4.5409,-0.8903,0.51449,-12.019,27.036,3.823,36.403,-12.246,1.412,4.5223,0.81226,0.81677,2.3239
"g0-033",0,0,0.031602,0.028228,0.2184,2.3646,1.7842,0.20225,10.733,639.93,0.99975,1.4818,0.042997,71.569,5.5354,5.5325,77.284,99.359,5.797,-320,2000,2320,2000,2.3675,5.0105,0.20733,0.26351,NA,NA,0.074759,-11.783,28.514,3.0698,43.668,-11.004,1.0134,0.70042,1.2428,-4.0469,3.0346
"g0-034",0,0,0.033687,0.026755,0.246,2.6522,1.7402,0.16015,9.2709,743,0.85107,1.3712,0.056871,77.582,6.1471,6.5177,83.993,101.91,6.688,-510,2000,2510,2000,2.2594,4.8832,0.14141,0.17029,-2.849,-1.366,0.071358,-8.9153,32.554,2.7442,44.381,-18.179,1.4979,-3.4197,2.0816,-7.7846,4.3192
"g0-035",0,0,0.031628,0.032036,0.2269,2.6213,1.3662,0.17725,8.5459,750.04,0.9925,1.4664,0.065676,73.231,7.0719,5.6721,77.452,102.4,5.7992,-590,1960,2550,1960,2.5119,5.2479,0.10804,0.12703,-3.8738,-1.0536,0.3054,-10.42,30.832,3.3672,41.575,-15.136,1.5266,1.523,1.1616,-1.8029,2.8391
"g0-036",0,0,0.034971,0.027908,0.21508,2.1198,1.8544,0.21766,9.653,668.08,1.0249,1.4095,0.032246,65.182,6.6507,5.1855,79.582,95.799,5.3527,-480,1990,2470,1990,2.5983,5.3986,0.13582,0.16721,-3.9744,-1.1444,0.23844,-11.669,27.488,3.4448,39.121,-5.7163,0.66711,5.9568,0.91769,0.10763,2.8519
"g0-037",0,0,0.031851,0.027114,0.22232,2.0773,1.7058,0.17483,11.564,709.76,0.93539,1.3779,0.042514,70.797,6.5311,5.7066,80.582,97.276,5.843,-550,2000,2550,2000,2.513,5.2868,0.11335,0.13641,-3.6849,-1.1492,0.27875,-10.849,28.663,3.3078,39.169,-12.29,1.1711,3.6554,1.1751,-0.37749,2.9155
"g0-038",0,0,0.03492,0.027516,0.23632,2.2125,1.6667,0.16614,12.522,723.31,0.98065,1.2735,0.059707,69.59,6.5234,5.4929,78.916,98.313,5.6072,-600,2000,2600,2000,2.4783,5.2336,0.095952,0.11431,-3.6181,-1.0221,0.35457,-10.208,29.828,3.317,39.936,-11.758,1.215,3.1193,1.4887,-1.5839,3.4907
"g0-039",0,0,0.042632,0.029259,0.22499,2.1733,1.9274,0.17668,9.6654,627.61,0.89693,1.2365,0.052085,75.182,5.9486,5.6236,74.775,91.482,5.9029,-280,2000,2280,2000,2.3402,4.9521,0.22619,0.27937,NA,NA,0.22217,-10.959,27.044,3.3087,41.206,-15.36,1.317,-7.3609,2.2744,-14.154,4.6269
"g0-040",0,0,0.031267,0.028286,0.21937,3.0106,1.3376,0.24583,13.267,724.36,0.93405,1.5252,0.04759,73.331,6.2613,6.147,83.799,104.39,6.3132,-510,2000,2510,2000,2.3704,5.0679,0.14314,0.16625,-3.1481,-1.3096,-0.014249,-9.5092,32.799,2.7794,45.515,-12.413,0.86327,2.0208,1.456,-2.4742,3.6133
"g1-ref",1,1,0.065,0.033,0.24,2.8,3,0.2,16,650,1.15,1,0.048,70,7.7863,5.097,72.811,104.98,5.3422,-300,1850,2150,1850,2.5356,5.2537,0.19151,0.24216,-3.1288,-1.4623,0.29637,-10.962,31.677,3.713,46.731,-14.31,1.5069,-17.95,4.8491,-29.851,8.2944
"g1-001",1,0,0.069921,0.03104,0.22715,2.5424,4.1717,0.23287,13.795,623.38,0.97392,1.2857,0.066279,70.893,6.633,4.9834,70.296,87.945,5.3677,-130,2000,2130,2000,1.9934,4.3956,0.3016,0.3799,NA,NA,0.13364,-10.592,26.562,3.0836,43.789,-12.784,0.83766,-19.441,5.1223,-32.925,8.359
"g1-002",1,0,0.066083,0.032176,0.23166,2.9544,2.7879,0.19455,21.343,658.46,1.259,0.98138,0.057891,68.151,7.3809,4.951,72.645,111.28,5.1674,-340,1940,2280,1940,2.4356,5.1107,0.16599,0.211,-2.916,-1.3525,0.29086,-10.748,34.066,3.5344,49.14,-13.175,1.4483,-17.802,5.4489,-30.296,9.0808
"g1-003",1,0,0.055112,0.030753,0.22335,2.3672,3.4398,0.20387,14.664,720.56,1.0246,0.91754,0.042819,59.684,8.54,4.7804,80.108,90.05,4.8505,-740,1650,2390,1650,2.6972,5.5583,0.061985,0.070026,-4.6863,-0.73377,0.59098,-9.2874,28.37,3.824,36.885,-3.0139,0.7601,1.6551,2.6755,-9.0004,5.8513
"g1-004",1,0,0.063657,0.034543,0.25416,2.5771,2.9689,0.20028,17.383,611.05,1.1374,1.0397,0.038757,71.67,7.9056,4.9125,68.533,99.686,5.2281,-200,1730,1930,1730,2.8026,5.6973,0.23704,0.3046,NA,NA,0.25118,-12.228,28.424,4.0389,44.586,-15.17,1.6506,-18.145,3.9955,-28.932,7.1057
"g1-005",1,0,0.068424,0.030998,0.26064,2.4459,2.9217,0.20545,15.257,680.42,1.2115,1.0578,0.049471,71.049,8.3605,5.0278,70.755,108.81,5.2686,-300,1730,2030,1730,2.5674,5.3273,0.18544,0.23438,-3.0931,-1.4271,0.34336,-12.115,31.119,3.8432,45.998,-15.123,1.5366,-19.259,5.0929,-31.183,8.481
"g1-006",1,0,0.064577,0.030932,0.21197,2.8643,3.7462,0.18136,22.819,669.46,1.0606,0.96858,0.060511,69.094,6.9858,5.2739,76.323,101.31,5.4711,-380,2000,2380,2000,2.2574,4.8411,0.15582,0.19717,-2.7,-1.3892,0.25949,-9.1455,32.747,3.2169,46.1,-13.808,1.3112,-16.932,5.3378,-29.698,8.9129
"g1-007",1,0,0.068929,0.031107,0.23289,2.1635,3.6458,0.16439,12.896,620.51,1.2079,1.0911,0.037136,61.034,7.2259,4.4312,72.597,95.567,4.6376,-340,1860,2200,1860,2.692,5.5204,0.15035,0.19662,NA,NA,0.32907,-12.263,27.113,3.7891,40.024,-9.0858,1.271,-15.24,4.416,-27.596,7.5058
"g1-008",1,0,0.069971,0.030704,0.26913,2.8716,3.1644,0.24746,19.126,693.86,1.1615,1.1073,0.042572,74.36,8.9059,5.362,72.107,111.44,5.6899,-210,1740,1950,1740,2.2818,4.8911,0.25711,0.32164,-2.3213,-1.7193,0.16168,-11.393,32.963,3.5331,50.754,-15.576,1.0872,-21.276,5.6058,-34.703,9.2041
"g1-009",1,0,0.071106,0.029538,0.26164,2.5031,2.5788,0.18418,13.257,661.63,1.1206,1.0735,0.051942,69.49,7.4329,5.0874,73.222,102.39,5.3489,-270,1980,2250,1980,2.3165,4.9197,0.2053,0.25525,-2.6472,-1.5177,0.25761,-11.061,30.622,3.4517,45.775,-14.621,1.4225,-21.005,5.71,-34.459,8.9579
"g1-010",1,0,0.060136,0.031569,0.23518,2.5476,2.2809,0.18337,12.379,631.1,1.1673,1.0309,0.043233,63.091,7.1494,4.7237,74.855,98.74,4.903,-400,1920,2320,1920,2.6222,5.3868,0.14088,0.17927,NA,NA,0.34623,-11.077,29.578,3.6995,42.296,-8.3441,1.1339,-10.699,3.7869,-21.733,7.1077
"g1-011",1,0,0.064196,0.033521,0.26011,3.2457,2.4077,0.18691,16.853,602.08,1.4592,0.85031,0.032428,70.173,7.79,4.8751,69.464,124.91,5.2033,-190,1750,1940,1750,2.7538,5.6364,0.23995,0.30911,NA,NA,0.18811,-12.54,35.924,3.9725,56.422,-14.557,1.726,-20.075,5.0859,-31.987,8.5786
"g1-012",1,0,0.065765,0.033454,0.27837,2.6837,2.7429,0.18241,15.948,662.04,0.90928,0.85455,0.058945,79.918,8.4527,5.5778,69.799,92.556,5.9298,-200,1810,2010,1810,2.3048,4.9261,0.28521,0.35166,-2.6713,-1.8325,0.37053,-9.589,29.105,3.7634,44.064,-20.801,1.5993,-21.852,4.4595,-33.223,7.4919
"g1-013",1,0,0.06596,0.037232,0.21007,2.9357,2.7415,0.1643,13.055,602.78,1.0228,1.146,0.040142,61.724,6.9643,4.6551,75.402,85.961,4.8632,-330,1960,2290,1960,2.6366,5.36,0.16559,0.20812,NA,NA,0.20518,-9.9105,26.895,3.565,39.405,-9.4867,1.3005,-15.38,4.2368,-28.332,7.344
"g1-014",1,0,0.074627,0.041181,0.20826,2.4797,3.9611,0.18,14.048,673.97,1.3421,0.87094,0.056128,76.023,10.11,4.6464,61.104,110.81,4.9027,-260,1220,1480,1220,3.1815,6.4042,0.19796,0.25214,-3.8201,-1.4151,0.56542,-13.653,29.563,4.9087,43.664,-21.494,2.5972,-25.628,4.8304,-36.381,7.5292
"g1-015",1,0,0.060522,0.036477,0.24111,2.5754,3.7588,0.20815,14.658,708.23,1.2867,1.2252,0.048278,54.176,9.2712,3.9484,72.876,91.664,4.0424,-630,1490,2120,1490,2.8298,5.7278,0.076033,0.094018,-5.357,-0.65683,0.50243,-10.996,27.221,4.0064,36.692,1.2575,0.62147,0.46031,2.2448,-9.9556,5.4588
"g1-016",1,0,0.055979,0.031211,0.25285,3.1595,3.331,0.19172,14.951,697.73,1.0514,0.90101,0.035817,65.266,8.1244,5.4152,82.972,103.32,5.5377,-570,1770,2340,1770,2.5652,5.3168,0.10127,0.12256,-3.9499,-1.0775,0.37313,-8.6871,33.998,3.5197,44.933,-10.239,1.2823,-8.7659,3.9229,-19.931,7.5678
"g1-017",1,0,0.073374,0.032034,0.23974,2.8201,2.6363,0.19349,16.775,628.77,1.2633,1.0052,0.039019,64.105,7.5435,4.7203,73.626,106.11,4.9534,-300,1870,2170,1870,2.5782,5.3236,0.17511,0.22657,NA,NA,0.23894,-11.366,31.648,3.6596,46.892,-11.736,1.3833,-20.916,5.9683,-35.463,9.2215
"g1-018",1,0,0.076162,0.037166,0.19418,2.583,2.611,0.17965,14.701,703.89,1.1165,0.97854,0.061512,79.885,9.4087,5.2157,65.286,104.91,5.5878,-150,1590,1740,1590,2.4004,5.143,0.28722,0.36175,-2.4508,-1.7658,0.37044,-11.598,30.502,4.0269,46.413,-20.874,1.7214,-26.611,5.5436,-39.613,8.4134
"g1-019",1,0,0.076168,0.032285,0.29054,2.6412,3.4719,0.17518,14.204,647.12,1.1929,1.0143,0.042385,64.386,8.0561,4.6888,72.85,100.15,4.9042,-320,1760,2080,1760,2.6327,5.406,0.1631,0.20884,NA,NA,0.32241,-11.222,29.844,3.782,43.518,-13.649,1.6999,-22.552,5.8243,-36.912,8.7768
"g1-020",1,0,0.064568,0.03723,0.24263,2.5665,2.9816,0.19797,13.841,625.02,1.1872,1.0933,0.069289,70.876,7.7175,4.5894,64.794,97.305,4.8687,-240,1780,2020,1780,2.7738,5.6081,0.21421,0.27072,NA,NA,0.37148,-12.221,27.659,4.1303,42.838,-14.889,1.7827,-17.604,3.9846,-27.593,7.0398
"g1-021",1,0,0.060186,0.029075,0.27751,3.3531,3.6537,0.17242,13.23,753.08,1.2226,0.94905,0.043323,73.223,8.4539,5.94,81.097,130.08,6.1359,-450,1800,2250,1800,2.3095,4.923,0.15215,0.19255,-2.7424,-1.3657,0.23231,-9.7176,41.575,3.2811,56.533,-17.739,1.8188,-18.58,5.7047,-30.462,9.7489
"g1-022",1,0,0.062177,0.030025,0.21924,3.0793,3.52,0.20751,14.045,643.12,1.1841,1.0712,0.037897,65.671,6.8396,5.2053,79.272,110.01,5.4433,-320,2000,2320,2000,2.335,4.9485,0.18279,0.23602,NA,NA,0.13032,-10.342,34.245,3.1989,50.406,-10.185,1.0997,-15.108,5.2252,-27.991,9.0423
"g1-023",1,0,0.060937,0.036548,0.2774,2.7656,3.3707,0.21604,16.866,644.26,1.2747,1.071,0.037405,74.906,9.0582,4.9332,65.85,111.36,5.2526,-210,1450,1660,1450,3.0568,6.1194,0.23734,0.30629,NA,NA,0.24151,-13.31,30.334,4.3586,47.568,-17.344,2.1031,-18.34,3.6417,-27.572,6.8418
"g1-024",1,0,0.061335,0.034993,0.19525,2.2528,2.8023,0.20692,21.832,657.45,1.1031,0.98461,0.046002,64.228,8.4399,4.5903,71.488,91.509,4.7204,-510,1610,2120,1610,2.8729,5.8172,0.10414,0.13007,-4.6528,-1.0201,0.54211,-11.364,26.737,4.1589,36.82,-9.013,1.1348,-8.7733,3.0313,-19.104,6.1164
"g1-025",1,0,0.063513,0.0369,0.25907,2.6575,3.8537,0.20981,16.653,635.04,1.2556,1.1397,0.038905,74.189,8.6651,4.8338,65.187,107.57,5.1794,-170,1530,1700,1530,2.9908,6.0254,0.25506,0.32993,NA,NA,0.20033,-13.466,29.017,4.2545,46.684,-16.873,2.0473,-19.324,3.9132,-29.097,7.0574
"g1-026",1,0,0.053271,0.029732,0.23219,2.0997,3.4231,0.18779,14.507,623.87,1.2577,1.1757,0.050496,67.892,6.6547,4.6769,68.887,104.41,4.9345,-280,1990,2270,1990,2.6154,5.399,0.18474,0.2436,NA,NA,0.30385,-13.392,28.109,3.746,43.487,-10.792,1.3007,-9.5904,2.9544,-17.954,5.9192
"g1-027",1,0,0.059155,0.030552,0.22663,2.8027,3.4381,0.17745,18.089,649,1.2866,0.91186,0.043837,70.529,7.2676,5.2254,74.071,119.33,5.4742,-310,1930,2240,1930,2.4641,5.1829,0.18285,0.2352,NA,NA,0.27263,-11.388,35.705,3.5702,52.228,-14.388,1.5582,-15.947,4.624,-26.67,8.256
"g1-028",1,0,0.061438,0.038913,0.27415,2.2989,2.803,0.22464,12.459,637.73,1.0725,1.0775,0.065728,65.087,9.0997,4.2178,64.801,81.778,4.3814,-400,1460,1860,1460,3.0832,6.0719,0.13276,0.16362,NA,NA,0.57435,-11.784,23.349,4.553,33.739,-10.371,1.3392,-9.4913,2.172,-18.683,4.7708
"g1-029",1,0,0.060454,0.034058,0.23866,2.5164,2.7846,0.24275,15.731,633.29,1.0372,0.96852,0.064027,64.887,7.6863,4.63,71.379,87.091,4.7952,-410,1830,2240,1830,2.6801,5.4411,0.13477,0.16517,NA,NA,0.49828,-10.177,26.777,3.9526,37.997,-8.4706,0.96882,-9.0196,3.3009,-19.725,6.4345
"g1-030",1,0,0.049609,0.037566,0.24096,2.4346,2.8585,0.19687,17.516,728.58,1.2829,1.3806,0.062339,77.292,9.1784,5.0057,64.773,114.12,5.2142,-380,1440,1820,1440,3.0399,6.0759,0.15698,0.20404,-4.3626,-1.1899,0.38171,-14.149,29.447,4.3381,43.033,-19.92,2.503,-12.915,2.3744,-18.904,4.9126
"g1-031",1,0,0.064685,0.029183,0.23726,3.5451,3.5789,0.15506,16.973,702.93,1.1689,0.93971,0.049252,70.249,7.1696,5.7079,81.245,119.79,5.9356,-370,2000,2370,2000,2.1109,4.6069,0.17178,0.21804,-2.2737,-1.46,0.12888,-8.8156,39.748,2.9279,55.474,-15.949,1.5832,-20.891,6.5457,-35.137,10.325
"g1-032",1,0,0.064678,0.035158,0.28018,2.9233,4.0608,0.17884,12.689,597.06,0.96704,0.9527,0.052367,72.614,7.2343,5.1111,70.398,89.319,5.4721,-160,1990,2150,1990,2.4273,5.0631,0.28115,0.35202,NA,NA,0.24992,-9.8702,28.057,3.6344,44.44,-16.778,1.7198,-20.258,4.4243,-32.029,7.4051
"g1-033",1,0,0.072565,0.032716,0.23697,2.5778,2.6877,0.21006,15.508,678.41,1.1111,0.8953,0.041703,70.801,9.0262,5.1648,72.95,103.32,5.3793,-330,1590,1920,1590,2.6405,5.438,0.17556,0.21434,-3.2886,-1.4697,0.41777,-11.012,30.942,3.9948,44.235,-15.782,1.4844,-21.346,5.3948,-34.718,8.619
"g1-034",1,0,0.065748,0.030208,0.2119,2.4882,2.6918,0.20717,18.266,674.46,1.1036,0.99842,0.052903,75.693,7.8908,5.418,71.608,107.39,5.7298,-240,1920,2160,1920,2.2332,4.8243,0.24406,0.30437,-2.2793,-1.6976,0.2585,-11.105,32.069,3.5119,48.481,-16.339,1.1304,-19.248,5.013,-31.305,8.512
"g1-035",1,0,0.063867,0.030903,0.2948,2.3248,3.2964,0.22725,15.415,622.29,1.2357,0.84226,0.032768,63.752,8.7338,4.5039,70.661,99.203,4.6953,-370,1540,1910,1540,2.9661,5.9418,0.14384,0.18718,NA,NA,0.48572,-12.198,28.398,4.3105,41.073,-8.854,1.0795,-11.507,3.3859,-22.429,6.622
"g1-036",1,0,0.064685,0.036134,0.18561,2.7143,2.7564,0.1907,16.946,628.68,1.0775,0.93573,0.032962,70.883,8.1224,5.2049,73.431,100.54,5.4554,-290,1690,1980,1690,2.7842,5.6601,0.19968,0.24719,NA,NA,0.30241,-11.115,30.11,3.9967,44.293,-15.377,1.586,-18.609,4.3582,-30.401,7.5995
"g1-037",1,0,0.065869,0.0323,0.22112,2.4257,3.5359,0.17613,11.767,618.5,0.96513,1.0585,0.044235,67.948,6.9358,5.0894,74.92,89.011,5.3484,-280,2000,2280,2000,2.4449,5.1001,0.20603,0.25839,NA,NA,0.27187,-10.337,27.216,3.5241,40.894,-13.339,1.3868,-17.505,4.5373,-29.94,7.5959
"g1-038",1,0,0.062336,0.032724,0.28354,2.9704,2.6628,0.17318,15.555,590.57,1.1305,1.1027,0.052939,71.117,6.4313,4.9311,69.362,99.442,5.3143,-130,2000,2130,2000,2.3301,4.9202,0.28614,0.36613,NA,NA,0.12311,-11.209,29.797,3.3677,48.912,-14.562,1.5622,-18.789,4.581,-30.243,7.7876
"g1-039",1,0,0.057004,0.032738,0.2137,2.7614,3.5983,0.18667,19.896,610.56,0.99583,1.0745,0.054161,68.917,6.3088,5.1257,74.395,92.216,5.3835,-290,2000,2290,2000,2.3527,4.9541,0.20211,0.25525,NA,NA,0.21367,-9.8031,28.982,3.2974,43.434,-12.295,1.2402,-12.89,3.85,-23.571,7.031
"g1-040",1,0,0.069904,0.032608,0.28952,3.2386,3.1592,0.20282,13.205,650.3,1.2765,0.94856,0.058798,66.123,7.692,4.8019,72.613,109.35,5.0298,-310,1910,2220,1910,2.4472,5.0784,0.17677,0.22417,-3.0778,-1.3346,0.30788,-10.427,34.024,3.6048,49.79,-12.694,1.5342,-19.663,5.9353,-33.361,9.469
"g2-ref",2,1,0.068,0.038,0.27,3.1,1.2,0.34,50,950,1.25,0.85,0.06,70,15.307,4.7584,67.96,110.14,4.7647,-1120,440,1560,440,3.0576,6.1673,0.0062682,-0.0067592,-6.0605,-0.3135,0.99592,-10.388,32.821,4.625,39.278,-12.588,0.76267,-8.2934,3.3892,-18.688,7.5695
"g2-001",2,0,0.066285,0.035882,0.27529,3.2932,1.3143,0.34295,52.711,922.93,1.4068,0.86327,0.061007,61.587,13.853,4.3018,69.833,111.54,4.3079,-1200,670,1870,670,3.0383,6.1298,0.0060834,-0.0065567,-5.9736,-0.22596,0.87009,-9.8773,34.23,4.4008,40.948,-3.2586,0.41659,-0.26209,3.464,-11.71,7.9546
"g2-002",2,0,0.060958,0.039355,0.22268,2.5846,1.2188,0.32138,40.704,894.63,1.2062,0.74455,0.057178,64.463,14.939,4.2861,66.482,96.146,4.2901,-1180,480,1660,480,3.1761,6.3735,0.00050934,-0.017261,-6.659,-0.24254,1.1589,-11.018,27.653,4.8959,33.531,-6.2373,0.28742,4.1434,1.1654,-4.7083,4.3534
"g2-003",2,0,0.088426,0.045226,0.31499,3.0557,1.1253,0.36886,50.055,1079.1,1.3384,0.75485,0.071295,81.821,21.887,4.524,55.301,112.43,4.5725,-810,-630,180,0,3.2162,6.4054,0.043524,0.045966,-5.6816,-0.62242,1.2471,-12.413,30.396,5.3331,37.176,-21.982,0.27151,-23.464,3.4454,-35.06,6.6792
"g2-004",2,0,0.070917,0.043928,0.2912,2.8153,1.4332,0.33099,46.713,910.28,1.2393,0.72695,0.083844,79.596,16.879,4.627,58.157,105.33,4.6689,-820,160,980,160,3.3183,6.5676,0.038014,0.036557,-6.2591,-0.61655,1.2304,-12.095,29.217,5.3396,36.26,-21.475,1.2523,-16.336,2.4407,-24.794,5.7169
"g2-005",2,0,0.066022,0.033716,0.28945,3.1309,1.3671,0.35027,42.995,964.89,1.4042,0.88845,0.047772,72.66,15.134,5.1571,70.998,131.69,5.1789,-1030,470,1500,470,2.9936,6.052,0.021633,0.015362,-5.5345,-0.44713,0.90776,-11.18,38.633,4.5169,46.174,-14.53,1.0084,-11.113,4.1585,-21.332,8.829
"g2-006",2,0,0.05658,0.044142,0.29842,3.1348,1.3756,0.35919,54.448,999.95,1.3183,1.0104,0.072411,67.013,17.413,4.1674,62.187,102.42,4.1707,-1380,90,1470,90,3.2295,6.4584,0.00044192,-0.016496,-6.8199,-0.16038,1.132,-11.008,29.327,4.9179,35.171,-9.716,0.4693,4.9733,0.38939,-2.3183,3.1541
"g2-007",2,0,0.064104,0.029802,0.28412,3.3485,1.2763,0.37208,47.093,871.25,1.4085,0.67558,0.060678,75.949,12.788,5.4152,71.284,137.57,5.4719,-760,930,1690,930,2.696,5.5624,0.049621,0.056718,-3.7902,-0.83788,0.71723,-10.077,43.074,4.1552,52.538,-15.373,0.74603,-13.092,4.9603,-24.039,9.8695
"g2-008",2,0,0.065154,0.04506,0.27884,3.0216,1.0901,0.30237,48.063,927.19,1.4344,0.76997,0.074331,61.899,16.839,3.6928,59.669,98.001,3.6984,-1270,170,1440,170,3.2844,6.5599,0.0047908,-0.010053,-7.0335,-0.17505,1.1813,-11.488,27.782,5.0497,33.571,-4.5563,0.2274,3.6586,0.72771,-5.4002,3.9231
"g2-009",2,0,0.068934,0.039072,0.33076,3.2729,1.2107,0.29936,53.91,938.66,1.2494,0.89036,0.065477,72.373,15.335,4.754,65.673,109.69,4.7708,-1040,430,1470,430,3.0728,6.1861,0.016738,0.0072843,-5.9863,-0.39388,0.91102,-10.381,32.792,4.5906,39.608,-16.174,1.1439,-12.664,3.5661,-22.921,7.5522
"g2-010",2,0,0.061065,0.033073,0.32086,3.4341,1.2793,0.40482,44.241,899.02,1.4771,0.76907,0.047473,73.035,14.431,5.1247,70.18,136.29,5.1548,-930,590,1520,590,3.0053,6.0613,0.027773,0.025358,-5.4843,-0.55224,0.88902,-11.062,40.748,4.5395,49.011,-13.347,0.79074,-8.7141,3.4787,-18.202,8.1882
"g2-011",2,0,0.064588,0.050584,0.29664,3.1239,1.1133,0.33497,65.679,894.67,1.5884,0.87006,0.052992,69.525,18.486,3.6563,52.58,105.25,3.6743,-1100,-70,1030,0,3.6075,7.1107,0.016516,0.013637,-8.0827,-0.25675,0.98755,-13.5,27.617,5.2736,33.952,-12.439,0.64969,-3.9743,0.045336,-12.173,2.8385
"g2-012",2,0,0.067538,0.041446,0.24435,2.9624,1.1694,0.27397,54.837,951.07,1.3333,0.86348,0.044277,64.785,16.186,4.2663,65.839,105.4,4.2706,-1270,270,1540,270,3.2483,6.5191,0.0042041,-0.0080046,-6.688,-0.19173,0.97934,-11.223,30.196,4.7671,36.312,-8.9894,0.66064,-3.6402,2.2084,-13.863,5.9533
"g2-013",2,0,0.06767,0.032901,0.28455,3.3979,1.3562,0.36213,47.92,957.75,1.4046,0.88113,0.05909,69.052,13.946,4.9991,72.413,128.37,5.0155,-1070,690,1760,690,2.9028,5.8984,0.016375,0.0080672,-5.255,-0.37301,0.8037,-9.9372,39.676,4.2494,47.126,-11.143,0.90268,-9.5125,5.0495,-21.158,10.034
"g2-014",2,0,0.071208,0.032878,0.26168,3.2932,1.216,0.39055,58.912,871.93,1.5087,0.79,0.060214,77.582,13.8,5.0658,65.282,137.25,5.1578,-620,750,1370,750,2.7355,5.6191,0.07498,0.091917,-3.1514,-1.036,0.64525,-11.345,40.714,4.2869,51.078,-16.217,0.52359,-17.531,5.3193,-29.53,9.9192
"g2-015",2,0,0.079258,0.037998,0.27356,2.8799,1.043,0.32386,53.61,978.8,1.579,0.78555,0.058022,70.176,17.145,4.3234,61.606,124.41,4.3386,-1080,130,1210,130,3.1856,6.3976,0.015027,0.011101,-6.3024,-0.31087,1.122,-12.793,33.707,4.9582,40.518,-13.687,0.77256,-15.188,4.4256,-26.805,8.5617
"g2-016",2,0,0.07148,0.037271,0.28205,3.1164,1.0278,0.34772,40.726,943.2,1.1477,0.66944,0.057615,70.69,15.805,4.8911,69.216,104.67,4.8976,-1090,360,1450,360,3.0257,6.0941,0.0024438,-0.01869,-5.9974,-0.35456,1.09,-9.8007,31.844,4.6989,37.951,-13.046,0.53739,-9.8086,3.6584,-21.205,7.8104
"g2-017",2,0,0.059759,0.037734,0.29825,3.0122,1.0196,0.33362,46.117,988.13,1.2513,0.77866,0.038814,62.525,17.04,4.3317,69.28,101.59,4.3317,-1480,150,1630,150,3.1968,6.4046,-0.0085422,-0.033117,-6.5764,-0.13302,1.0518,-10.307,29.983,4.7369,35.595,-3.3868,-0.00050453,8.8979,0.91081,-0.63584,4.2986
"g2-018",2,0,0.066677,0.04095,0.27165,3.5561,1.1015,0.28417,54.651,851.07,1.0977,0.91989,0.048022,70.542,13.587,4.8869,69.284,99.218,4.9097,-940,720,1660,720,3.052,6.1445,0.02275,0.012745,-5.8869,-0.52823,0.65112,-9.2065,31.19,4.2789,38.056,-14.08,0.97895,-11.331,3.3935,-22.618,7.2767
"g2-019",2,0,0.071105,0.039059,0.23536,2.8927,1.2445,0.35636,45.416,942.52,1.3944,0.75093,0.066983,73.249,16.093,4.6851,63.953,119.38,4.7016,-1020,300,1320,300,3.1281,6.2769,0.016519,0.011561,-6.0792,-0.42076,1.1889,-11.945,33.601,5.0029,40.46,-15.23,0.77406,-12.216,3.4796,-22.003,7.6706
"g2-020",2,0,0.07439,0.03597,0.27011,3.07,1.0398,0.23957,45.433,950.85,1.2487,0.77266,0.048476,58.06,14.393,4.2245,72.767,99.279,4.2278,-1350,580,1930,580,3.0709,6.205,-0.0017039,-0.02069,-5.9678,-0.15101,0.86799,-9.2987,30.6,4.393,36.558,-2,0.55769,-2.657,4.1797,-16.989,8.3854
"g2-021",2,0,0.074016,0.03655,0.30053,2.5877,1.3168,0.29009,61.393,999.79,1.3676,0.89655,0.058766,67.894,16.404,4.3316,63.805,110.15,4.3403,-1240,250,1490,250,3.1768,6.3886,0.0086872,-0.0009357,-6.3019,-0.20002,1.0607,-11.917,30.383,4.7993,36.757,-12.799,1.0095,-10.27,3.5758,-20.729,7.4403
"g2-022",2,0,0.068985,0.033145,0.27767,3.2579,1.0848,0.35234,44.592,978.46,1.4831,0.77354,0.045232,59.352,15.025,4.3491,73.266,118.95,4.3494,-1380,480,1860,480,3.0607,6.1678,-0.0032198,-0.021078,-6.0227,-0.15344,0.94267,-10.041,36.282,4.4622,42.626,0.025224,0.15483,1.6025,3.974,-11.262,8.9395
"g2-023",2,0,0.069725,0.035155,0.31203,4.0872,1.1393,0.36415,44.071,926.7,1.0346,0.71234,0.078124,72.985,13.622,5.3739,73.626,104.42,5.3908,-940,800,1740,800,2.686,5.5007,0.016911,-0.0023808,-4.4909,-0.57983,0.73015,-7.0933,35.411,4.0048,42.272,-15.076,0.67404,-13.558,5.4099,-26.507,10.102
"g2-024",2,0,0.060733,0.042808,0.21972,3.1199,1.1777,0.36293,53.557,900.94,1.6536,0.86449,0.066227,77.115,15.922,4.5303,58.763,134.04,4.5668,-910,300,1210,300,3.3534,6.6426,0.034692,0.036155,-6.547,-0.49895,1.057,-13.715,35.343,5.1621,43.305,-17.086,1.0877,-10.38,1.8971,-17.375,5.7591
"g2-025",2,0,0.062129,0.040387,0.26599,3.0908,0.89136,0.32033,49.128,979.76,1.3507,0.80781,0.069008,69.307,16.446,4.4402,64.077,110.98,4.4415,-1280,240,1520,240,3.1743,6.3682,-0.00046689,-0.017717,-6.5541,-0.19298,1.1584,-11.168,31.92,4.8678,37.925,-10.969,0.51238,-1.8313,1.7348,-10.31,5.4553
"g2-026",2,0,0.066476,0.036386,0.30683,2.8916,1.4354,0.32679,45.505,934.33,1.2511,0.87408,0.062892,69.278,14.849,4.7048,67.904,108.79,4.7174,-1090,510,1600,510,3.0539,6.1536,0.012588,-0.00025017,-6.0578,-0.33429,1.028,-10.685,32.016,4.6635,38.675,-12.529,0.90986,-7.347,3.1446,-17.131,7.0982
"g2-027",2,0,0.068945,0.035784,0.26244,3.3511,1.0281,0.39315,52.706,814.66,1.3265,0.94083,0.077208,67.687,11.706,4.5518,67.23,109.84,4.5882,-810,1070,1880,1070,2.8838,5.8471,0.035244,0.032227,-4.9475,-0.63264,0.67819,-9.9569,34.073,4.1787,42.113,-8.8127,0.4316,-9.8803,4.4692,-21.981,8.8909
"g2-028",2,0,0.05481,0.044375,0.25574,3.3635,1.3336,0.3224,46.728,975.38,1.3156,0.87718,0.075234,61.201,16.187,4.0057,65.447,98.739,4.0077,-1430,280,1710,280,3.1573,6.3375,-0.0048505,-0.023988,-6.5008,-0.14122,1.1028,-9.8705,29.698,4.7716,35.429,-3.0198,0.16482,12.423,0.28116,4.6025,3.1699
"g2-029",2,0,0.065963,0.037261,0.24253,3.5173,1.1052,0.46272,39.673,1017.5,1.0972,0.96275,0.11164,77.219,14.569,5.3755,69.606,110.69,5.3884,-1010,630,1640,630,2.688,5.5008,0.011511,-0.0086988,-4.5528,-0.50659,0.8891,-8.3128,35.548,4.201,42.15,-16.462,0.27018,-10.951,4.0827,-20.702,8.8428
"g2-030",2,0,0.061619,0.036472,0.22934,4.1913,1.2976,0.3753,71.209,867.91,1.1371,0.9407,0.072966,70.809,11.545,5.0851,71.809,107.32,5.1062,-970,1120,2090,1120,2.7947,5.7172,0.021157,0.011727,-4.6822,-0.51507,0.39978,-7.3372,36.448,3.6781,43.932,-11.536,0.80873,-7.6906,4.4462,-19.113,9.1118
"g2-031",2,0,0.058878,0.035268,0.28851,3.7069,1.127,0.31271,43.859,958.27,1.308,0.90117,0.06391,66.023,13.576,4.8619,73.663,117.46,4.8687,-1220,740,1960,740,2.9554,5.9774,0.0054534,-0.012771,-5.6743,-0.24581,0.79192,-8.9531,37.438,4.1984,44.204,-7.7373,0.7477,-0.5356,3.2055,-10.423,7.6671
"g2-032",2,0,0.077821,0.0369,0.29583,2.6739,1.3007,0.31451,44.806,1005.9,1.2841,0.79629,0.045109,64.695,17.353,4.3765,67.645,105.11,4.3792,-1310,100,1410,100,3.1744,6.3788,-0.00014021,-0.017737,-6.4843,-0.17104,1.1556,-11.233,29.793,4.8843,35.658,-9.4086,0.59136,-8.2253,3.5712,-20.321,7.529
"g2-033",2,0,0.066982,0.036475,0.24961,2.6768,1.2093,0.39021,47.919,932.01,1.2532,0.67637,0.041374,72.181,16.491,4.8238,66.824,111.41,4.8325,-1090,230,1320,230,3.1848,6.3813,0.0081493,-0.0080984,-6.4825,-0.34694,1.15,-11.654,31.515,4.9541,37.831,-13.361,0.50144,-6.937,2.4608,-16.495,6.383
"g2-034",2,0,0.071399,0.039952,0.25724,3.8379,1.4463,0.36504,46.244,1050.5,1.0261,0.86915,0.064875,65.758,16.01,4.9136,74.719,97.263,4.9136,-1450,340,1790,340,2.9327,5.9381,-0.018051,-0.050113,-5.7356,-0.13165,0.87034,-7.3298,31.621,4.2579,37.118,-9.2416,0.64511,-5.4436,4.5839,-18.381,9.2187
"g2-035",2,0,0.073777,0.042966,0.25135,2.5282,1.1409,0.39178,62.21,964.97,1.2054,1.0442,0.076942,72.49,16.956,4.2751,58.994,96.316,4.2845,-1090,160,1250,160,3.2355,6.4416,0.0094615,-0.005699,-6.6757,-0.30313,1.1262,-12.041,26.106,4.9992,31.91,-14.177,0.42455,-9.7457,2.1874,-19.325,5.5661
"g2-036",2,0,0.079061,0.045288,0.2379,2.8991,1.526,0.3322,66.773,923.29,1.3579,0.88282,0.048647,60.114,16.741,3.7039,61.605,93.734,3.7091,-1240,180,1420,180,3.3146,6.6246,0.0052232,-0.006386,-6.9742,-0.1797,0.98042,-11.19,26.694,4.875,32.561,-4.2749,0.26425,-4.8252,2.5275,-17.286,6.194
"g2-037",2,0,0.073286,0.039972,0.2673,2.6243,1.1654,0.39504,52.259,927.17,0.97653,0.83216,0.046896,65.292,16.276,4.3931,67.294,82.155,4.3934,-1200,270,1470,270,3.1472,6.3034,-0.0085323,-0.036638,-6.6637,-0.22334,1.021,-9.6998,24.254,4.7086,29.476,-7.0076,0.014307,-1.9498,2.1001,-13.939,5.4376
"g2-038",2,0,0.065085,0.035592,0.25704,2.8185,1.1745,0.33501,46.593,860.06,1.1755,0.70188,0.054372,67.518,13.578,4.6736,69.227,101.63,4.6847,-1050,720,1770,720,3.0542,6.1562,0.011076,-0.0028096,-5.9982,-0.38583,0.974,-10.181,30.643,4.5878,37.194,-9.3402,0.56623,-4.1166,2.9005,-14.536,6.7589
"g2-039",2,0,0.074295,0.043115,0.28036,2.9776,1.2169,0.3377,68.917,892.89,1.2224,1.0701,0.054209,73.746,15.596,4.481,60.77,100.88,4.5135,-890,370,1260,370,3.2282,6.4396,0.028763,0.027619,-6.2123,-0.52838,0.75072,-11.483,28.647,4.6594,35.514,-16.507,0.90136,-15.443,3.1445,-26.224,6.7255
"g2-040",2,0,0.069873,0.03536,0.30386,2.6925,1.4322,0.26016,63.958,924.09,1.2027,0.88213,0.061944,67.549,13.934,4.5183,66.88,101.61,4.5344,-1130,660,1790,660,3.0662,6.1953,0.016084,0.0068381,-5.8475,-0.28065,0.85521,-10.369,30.001,4.4515,36.689,-12.58,1.2003,-9.2816,3.7321,-20.12,7.4638
"g3-ref",3,1,0.068,0.055,0.3,3.2,0.79,0.4,75,1000,1.3,0.8,0.09,70,20.809,3.4806,49.719,86.273,3.4813,-1470,-410,1060,0,3.3626,6.671,-0.015662,-0.045088,-7.4683,-0.097057,1.239,-11.332,23.782,5.1843,28.552,-10.594,-0.31454,1.7674,-0.36542,-7.1481,2.1871
"g3-001",3,0,0.069629,0.054408,0.28607,2.8822,0.60452,0.37609,68.8,1021.8,1.4843,0.87823,0.09996,67.26,21.429,3.1463,46.775,88.393,3.147,-1500,-490,1010,0,3.3928,6.7298,-0.016153,-0.042446,-7.5293,-0.074276,1.3223,-12.862,22.734,5.2911,27.341,-6.1776,-0.72115,5.4328,-0.91363,-3.5077,1.5181
"g3-002",3,0,0.071938,0.054987,0.26948,3.3546,0.90974,0.60217,50.96,1065.3,1.1353,0.6946,0.1253,63.767,21.713,3.39,53.16,76.068,3.4004,-1640,-560,1080,0,3.1124,6.1995,-0.035753,-0.08044,-7.0136,-0.039615,1.4712,-9.3311,22.032,5.1365,26.156,-1.3538,-1.6159,10.915,-0.76752,0.98246,2.1929
"g3-003",3,0,0.071095,0.053523,0.29661,3.2091,0.66904,0.33441,61.18,1021,1.6071,0.90826,0.11092,64.138,20.315,3.1506,49.127,95.023,3.1506,-1500,-340,1160,0,3.3175,6.6069,-0.012016,-0.034091,-7.242,-0.080894,1.2975,-12.349,25.362,5.1867,30.261,-4.7339,-0.42042,3.2504,-0.049925,-5.9638,3.0031
"g3-004",3,0,0.07409,0.055497,0.21675,3.4302,0.69184,0.3595,88.628,1099,1.4339,0.77359,0.080239,72.122,21.694,3.6541,50.661,100.15,3.6559,-1600,-550,1050,0,3.3354,6.6542,-0.015893,-0.042672,-6.9718,-0.052863,1.2073,-11.561,27.341,5.0843,32.287,-13.154,-0.14516,-6.1409,1.2017,-16.125,4.7703
"g3-005",3,0,0.064432,0.059452,0.31491,2.8382,0.72017,0.44907,63.007,1065.1,1.3248,0.75428,0.107,74.638,24.625,3.2989,44.199,83.567,3.3009,-1560,-840,720,0,3.4932,6.8811,-0.020563,-0.0513,-8.1045,-0.074774,1.5276,-12.922,21.149,5.6541,25.483,-13.541,-0.78608,5.4873,-2.0172,-1.5837,-0.78552
"g3-006",3,0,0.076284,0.051567,0.29919,3.5311,0.72536,0.35362,93.997,1109.7,1.4486,0.85127,0.072594,69.683,21.546,3.5879,51.481,99.678,3.5898,-1630,-530,1100,0,3.3083,6.6111,-0.013754,-0.038873,-6.8199,-0.04799,1.0734,-11.158,27.635,4.9034,32.716,-11.782,-0.014,-6.839,1.7829,-17.88,5.4793
"g3-007",3,0,0.068578,0.057932,0.3332,4.3926,1.0472,0.37984,68.959,1040.8,1.4028,0.6533,0.070233,76.62,22.7,4.0051,52.269,105.05,4.0051,-1340,-650,690,0,3.3957,6.7329,-0.0088907,-0.031074,-7.613,-0.14848,1.2057,-10.604,30.788,5.2343,36.163,-19.303,0.41092,-9.5736,0.71144,-18.727,4.0996
"g3-008",3,0,0.058436,0.049192,0.27797,2.9743,0.83174,0.39716,71.226,928.46,1.1962,0.91218,0.084292,66.221,17.515,3.617,54.615,82.433,3.617,-1340,70,1410,70,3.2428,6.4644,-0.016337,-0.047119,-7.0997,-0.13471,1.0973,-10.587,23.492,4.8889,28.409,-5.8478,-0.30223,10.612,-0.5225,2.9226,1.7725
"g3-009",3,0,0.074347,0.058986,0.29032,3.3809,0.70429,0.46549,83.183,989.5,1.3593,0.74776,0.066933,70.598,22.475,3.3061,46.827,85.188,3.3061,-1410,-600,810,0,3.4752,6.8569,-0.015148,-0.041808,-7.9772,-0.10826,1.1352,-11.73,23.234,5.2094,27.887,-9.2027,-0.80199,-0.30095,-0.74303,-10.609,1.9918
"g3-010",3,0,0.061655,0.055221,0.27514,3.7101,1.0717,0.41542,67.143,1138.2,1.3003,0.8324,0.090784,64.781,22.153,3.5738,55.167,90.688,3.5872,-1860,-640,1220,0,3.2227,6.4509,-0.027606,-0.06184,-6.7188,-0.011496,1.3196,-9.7425,26.227,5.063,30.825,-6.3261,-0.48551,12.018,-0.39419,4.0664,2.2256
"g3-011",3,0,0.059376,0.054837,0.30229,3.1528,0.74868,0.47355,66.902,997.28,1.1999,0.77577,0.096452,67.435,21.033,3.3949,50.341,78.607,3.3976,-1500,-440,1060,0,3.3045,6.5463,-0.024499,-0.062524,-7.4785,-0.077727,1.2936,-10.655,22.024,5.1681,26.433,-5.6268,-0.9861,14.607,-1.6982,7.1593,0.11092
"g3-012",3,0,0.064322,0.054657,0.29366,3.3719,0.69915,0.48509,71.884,1113.4,1.2742,0.84847,0.10122,71.514,22.81,3.6123,50.509,89.203,3.6197,-1680,-700,980,0,3.2624,6.4969,-0.028141,-0.064677,-7.0957,-0.033924,1.3759,-10.851,24.664,5.1843,29.102,-10.079,-1.0032,6.4718,-0.91184,-1.299,1.6266
"g3-013",3,0,0.072019,0.054179,0.33784,2.7752,0.67086,0.45041,72.056,1166.9,1.1174,0.63084,0.098344,73.9,25.4,3.5111,47.509,78.643,3.528,-1770,-1030,740,0,3.3434,6.6441,-0.033103,-0.074162,-7.2121,-0.0093615,1.5276,-11.357,20.475,5.4316,24.642,-13.428,-1.05,2.9511,-1.164,-4.9409,0.78918
"g3-014",3,0,0.050687,0.056875,0.28014,3.5211,0.65319,0.37394,68.572,1045.9,1.3256,0.85279,0.094614,67.839,21.171,3.4397,50.709,87.446,3.4462,-1500,-470,1030,0,3.3149,6.6033,-0.021889,-0.054622,-7.173,-0.046494,1.2208,-10.773,24.597,5.0615,29.173,-7.0675,-0.65201,18.76,-1.8138,12.899,-0.52384
"g3-015",3,0,0.06818,0.051494,0.26899,2.6773,0.88515,0.41588,70.744,939.01,1.2953,0.65447,0.079223,70.584,20.099,3.4938,49.496,85.431,3.4938,-1300,-300,1000,0,3.442,6.8058,-0.013211,-0.039127,-7.8272,-0.14372,1.3403,-12.407,22.602,5.412,27.465,-11.048,-0.21977,1.4293,-0.52611,-6.8496,1.8093
"g3-016",3,0,0.072397,0.054582,0.27405,2.8546,0.97422,0.35879,83.217,1029.7,1.351,0.67695,0.062595,77.472,22.488,3.7382,48.255,95.536,3.7386,-1350,-610,740,0,3.539,7.0003,-0.0043224,-0.025601,-7.722,-0.13225,1.3103,-13.009,24.546,5.4825,29.677,-19.651,0.33845,-9.3619,0.22754,-17.748,2.7204
"g3-017",3,0,0.059566,0.05548,0.34675,3.0355,0.70251,0.40963,68.702,1038.3,1.3864,0.72286,0.085214,60.839,22.762,2.8831,47.387,77.473,2.8896,-1500,-670,830,0,3.3767,6.7037,-0.022853,-0.053603,-7.3911,-0.034673,1.2922,-11.454,20.861,5.2253,25.177,1.7468,-1.1754,25.407,-2.176,17.58,-0.89774
"g3-018",3,0,0.084504,0.059312,0.35517,3.1967,0.69013,0.46077,85.311,997.53,1.436,0.8508,0.061663,59.621,23.062,2.6816,44.979,74.18,2.6843,-1500,-680,820,0,3.4665,6.847,-0.017206,-0.043814,-7.8207,-0.058787,1.0346,-11.615,19.967,5.0723,24.305,3.1595,-1.3779,6.9443,-1.0318,-6.1576,1.5299
"g3-019",3,0,0.068864,0.050323,0.34029,2.7444,0.70445,0.51962,67.878,977.69,1.238,0.83764,0.090263,79.08,21.454,3.7853,47.859,88.225,3.7853,-1140,-460,680,0,3.4479,6.7516,-0.0095655,-0.037006,-7.9665,-0.24085,1.3296,-12.726,22.942,5.4695,27.845,-15.746,-0.66842,-4.0591,-0.79834,-12.106,1.5914
"g3-020",3,0,0.069272,0.052198,0.2474,2.8459,0.69898,0.36913,74.823,1103,1.1088,0.75913,0.090356,85.801,22.249,4.3729,50.971,93.781,4.3729,-1250,-630,620,0,3.303,6.5515,-0.0093724,-0.040803,-6.9019,-0.19542,1.3492,-11.695,25.037,5.2898,29.971,-23.744,-0.089573,-11.603,0.44708,-19.062,3.1421
"g3-021",3,0,0.056078,0.057711,0.33366,3.7412,1.0615,0.39284,66.073,1008,1.1904,0.69875,0.10776,76.465,20.959,3.9337,51.444,89.234,3.9337,-1430,-420,1010,0,3.3356,6.6195,-0.016254,-0.046979,-7.5305,-0.12648,1.3307,-10.183,25.98,5.2785,30.952,-18.752,0.38351,1.0177,-0.63581,-5.1151,1.1354
"g3-022",3,0,0.08795,0.052379,0.30367,2.9347,0.67471,0.41428,79.015,1036.5,1.2533,0.86217,0.081004,67.023,21.416,3.3329,49.725,81.077,3.3341,-1480,-500,980,0,3.3072,6.5749,-0.018199,-0.048408,-7.1994,-0.082544,1.1688,-11.282,21.949,5.0455,26.498,-7.6019,-0.69414,-6.5571,1.1689,-19.321,4.1771
"g3-023",3,0,0.065768,0.049892,0.32138,3.3259,1.0404,0.38621,60.625,1143.1,1.2839,0.83783,0.096423,61.858,21.442,3.4945,56.489,88.194,3.5074,-1880,-540,1340,0,3.1772,6.3672,-0.028762,-0.064841,-6.5163,-0.0079096,1.3601,-9.7936,25.219,5.041,29.792,-3.4292,-0.44935,12.261,0.16965,3.4234,3.0392
"g3-024",3,0,0.063858,0.050645,0.34415,3.1182,0.87165,0.35748,51.153,955.98,1.2137,0.80421,0.085007,69.159,19.447,3.7353,54.019,85.723,3.7353,-1300,-220,1080,0,3.2792,6.5067,-0.015177,-0.044711,-7.5167,-0.16245,1.2309,-10.937,24.246,5.1257,29.163,-10.906,0.00032435,2.5985,-0.35617,-5.756,2.0559
"g3-025",3,0,0.064653,0.0504,0.32088,3.1638,0.63611,0.35664,69.354,1067.8,1.3006,0.73325,0.075161,70.955,21.725,3.6904,52.02,92.006,3.6955,-1610,-550,1060,0,3.3167,6.6124,-0.022786,-0.054802,-7.1227,-0.051868,1.2731,-11.391,25.183,5.1263,29.874,-11.251,-0.37375,3.8993,-0.3757,-4.2737,2.1874
"g3-026",3,0,0.078443,0.061866,0.29706,3.6522,0.807,0.37417,75.456,959.9,1.3278,0.76446,0.096822,71.885,20.92,3.399,47.282,85.238,3.399,-1210,-400,810,0,3.4529,6.8142,-0.0067575,-0.030092,-7.8709,-0.17249,1.1174,-11.08,24.065,5.207,29.059,-13.679,-0.059834,-9.0356,0.47702,-19.753,3.4412
"g3-027",3,0,0.075914,0.04863,0.32076,2.5391,0.76057,0.39174,80.695,932.92,1.4582,0.80879,0.082435,69.417,19.511,3.2494,46.806,88.707,3.25,-1220,-220,1000,0,3.4491,6.8258,-0.00341,-0.022161,-7.658,-0.16075,1.2224,-13.518,22.371,5.2999,27.511,-9.7931,-0.15714,-3.7115,0.31312,-12.774,3.0271
"g3-028",3,0,0.074121,0.045588,0.2623,3.1742,0.79205,0.3434,63.903,1060.4,1.2089,0.93337,0.079421,72.91,18.852,4.3117,59.133,99.456,4.3117,-1350,-140,1210,0,3.1049,6.2352,-0.016057,-0.046935,-6.4167,-0.1386,1.1136,-10.389,28.607,4.7762,33.747,-14.928,0.23611,-9.6057,2.6334,-20.142,6.4903
"g3-029",3,0,0.068222,0.048179,0.32269,3.422,0.68711,0.42018,62.902,981.45,1.1324,0.79615,0.098635,66.336,18.427,3.7229,56.121,81.601,3.7261,-1440,-70,1370,0,3.1256,6.2493,-0.024088,-0.062695,-6.7893,-0.10135,1.1311,-9.2295,24.362,4.7673,29.03,-5.4408,-0.70315,4.7139,0.57168,-5.3403,3.82
"g3-030",3,0,0.073517,0.061912,0.28877,2.8668,0.83823,0.37046,58.34,974.67,1.0193,0.83097,0.06091,71.017,22.628,3.5075,49.388,69.417,3.5075,-1340,-590,750,0,3.5317,6.9288,-0.021238,-0.056075,-8.4127,-0.13826,1.1083,-11.039,18.938,5.2692,23.17,-12.933,-0.38795,0.20224,-1.4069,-9.6009,0.20252
"g3-031",3,0,0.066869,0.055679,0.3671,2.5083,0.60774,0.4625,64.505,953.53,1.0932,1.0168,0.11262,62.275,20.966,2.8565,45.87,61.483,2.8593,-1420,-410,1010,0,3.378,6.6482,-0.023178,-0.05999,-7.8693,-0.091853,1.1969,-11.202,16.304,5.1662,20.294,2.179,-1.4755,19.939,-2.4354,10.52,-1.1451
"g3-032",3,0,0.073197,0.062991,0.33945,3.8717,0.75783,0.48261,80.806,944.45,1.2967,0.73799,0.077668,62.089,21.763,2.9,46.708,72.251,2.9,-1450,-510,940,0,3.4342,6.7629,-0.016231,-0.0462,-7.9654,-0.091689,0.99621,-9.9413,21.121,5.0064,25.566,0.7191,-1.2523,10.431,-1.4213,-1.3437,1.0748
"g3-033",3,0,0.065421,0.054247,0.30533,2.6541,0.73625,0.42794,67.336,1085.5,1.423,0.68139,0.10234,69.929,24.027,3.1746,45.395,86.723,3.1798,-1670,-820,850,0,3.4383,6.8127,-0.020733,-0.051642,-7.589,-0.039521,1.5943,-13.182,21.607,5.6264,26.012,-9.5061,-0.78513,8.9074,-1.6195,1.7571,-0.047431
"g3-034",3,0,0.074451,0.055872,0.26971,2.8751,0.82405,0.36869,69.622,905.91,1.3649,0.76748,0.090052,77.58,19.725,3.6133,46.574,91.418,3.6243,-1010,-230,780,0,3.5922,7.0219,0.011039,-0.0058048,-7.9844,-0.32872,1.2066,-13.212,23.713,5.5151,29.222,-17.659,0.36095,-11.254,0.33254,-19.982,2.9706
"g3-035",3,0,0.060644,0.054285,0.26132,3.619,0.76407,0.44103,89.876,1090.9,1.4859,1.1227,0.090713,66.498,20.575,3.4084,51.254,96.69,3.4136,-1700,-390,1310,0,3.2915,6.5695,-0.018734,-0.044419,-6.8801,-0.039335,1.0576,-11.028,26.944,4.8443,31.825,-5.4494,-0.57998,10.231,-0.43604,2.1847,2.3359
"g3-036",3,0,0.071656,0.046756,0.26176,3.3509,0.82317,0.35366,67.658,1005.4,1.0511,0.92204,0.099136,60.519,16.6,3.6872,60.923,76.977,3.6945,-1500,230,1730,230,3.0464,6.1315,-0.030108,-0.070633,-6.1558,-0.054336,0.93339,-7.9691,23.567,4.4264,28.202,-0.7677,-0.27158,6.6946,2.0257,-5.3838,5.5764
"g3-037",3,0,0.069457,0.051421,0.26,2.8648,0.97226,0.37047,78.269,1127,1.3383,0.75223,0.072615,74.579,22.885,3.8587,51.748,99.091,3.8616,-1630,-700,930,0,3.3794,6.7303,-0.016685,-0.045597,-7.1303,-0.050061,1.4383,-12.334,25.853,5.4028,30.759,-17.069,0.13368,-4.7563,0.45479,-12.846,3.2022
"g3-038",3,0,0.073743,0.055634,0.31349,2.9808,0.78949,0.41974,77.695,973.61,1.1663,0.79636,0.080057,65.37,20.802,3.2308,49.421,73.26,3.2315,-1480,-400,1080,0,3.3681,6.6797,-0.021397,-0.052881,-7.5434,-0.086412,1.1442,-10.721,20.311,5.0867,24.752,-5.2692,-0.68438,5.3465,-0.61817,-5.2414,1.7294
"g3-039",3,0,0.069546,0.059548,0.27008,3.0003,0.87285,0.36378,53.819,1009.6,1.1338,0.81836,0.10268,69.042,21.414,3.4808,50.412,76.444,3.4823,-1490,-480,1010,0,3.3534,6.6368,-0.02224,-0.0582,-7.672,-0.09766,1.3325,-10.874,21.072,5.2932,25.445,-11.103,-0.28339,2.7365,-0.85754,-6.2223,1.1814
"g3-040",3,0,0.083436,0.054612,0.3187,3.7964,0.64273,0.38222,61.468,1108.8,1.3625,0.74022,0.10787,70.551,22.612,3.6006,51.037,94.19,3.6041,-1520,-690,830,0,3.2193,6.4172,-0.018605,-0.04864,-6.9572,-0.077189,1.3142,-10.478,26.898,5.1053,31.621,-11.683,-0.61628,-9.4489,1.7611,-21.452,5.5177
"g4-ref",4,1,0.07,0.068,0.34,3.2,0.63,0.5,80,1110,1.3,0.8,0.14,78,29.986,3.2563,41.746,81.093,3.2563,-1540,-1220,320,0,4.005,7.7965,-0.013966,-0.040685,-9.5595,-0.092924,1.5144,-12.684,20.733,6.1984,25.011,-14.261,-1.1013,2.6201,-3.724,-6.5809,-3.1438
"g4-001",4,0,0.057007,0.066155,0.34864,3.4512,0.54358,0.40208,73.772,1149.3,1.2976,0.8295,0.17898,83.107,28.75,3.5975,43.286,89.276,3.5975,-1610,-1180,430,0,3.8429,7.5344,-0.016776,-0.045791,-8.8957,-0.074773,1.5992,-12.328,23.284,6.0746,27.738,-19.496,-0.46185,3.3767,-2.9686,-2.8361,-2.8109
"g4-002",4,0,0.054439,0.0735,0.31809,3.3915,0.78167,0.44267,83.931,1070.1,1.4898,0.79667,0.15831,74.697,28.977,3.0117,40.318,84.598,3.0117,-1600,-1130,470,0,4.0654,7.9337,-0.0096469,-0.030661,-9.5538,-0.075667,1.5213,-13.129,21.551,6.2995,26.04,-13.769,-0.51088,12.469,-3.5304,6.6043,-4.1315
"g4-003",4,0,0.077656,0.056281,0.39915,2.6599,0.63313,0.47783,82.07,1074.1,1.2288,1.0254,0.18484,76.457,25.636,3.3523,43.843,79.446,3.3523,-1320,-890,430,0,3.8041,7.4415,-0.0081532,-0.032634,-8.7703,-0.14356,1.5602,-12.771,19.938,6.042,24.48,-13.49,-0.83289,-4.6307,-2.208,-14.605,-0.60067
"g4-004",4,0,0.077693,0.072012,0.29425,3.396,0.63256,0.45629,79.1,1199.3,1.5966,0.71699,0.10022,92.09,33.714,3.4688,37.664,103.48,3.4815,NA,NA,0,0,4.2737,8.293,0.012714,0.0063911,-9.8603,-0.22796,1.4976,-15.029,24.111,6.4753,29.229,-23.282,-0.094849,-11.915,-2.782,-21.24,-1.7847
"g4-005",4,0,0.050108,0.059964,0.31065,3.3534,0.68408,0.44531,115.59,1117.1,1.2468,0.81788,0.17088,78.059,24.35,3.5585,45.588,86.98,3.5611,-1760,-830,930,0,3.6363,7.2066,-0.018475,-0.046787,-7.7581,-0.036965,1.4197,-11.133,23.464,5.617,28.225,-16.341,-0.15266,9.3853,-1.895,4.9229,-1.2524
"g4-006",4,0,0.061303,0.075072,0.34957,2.9657,0.60172,0.66152,84.007,1076.5,1.3447,0.9444,0.13437,81.933,32.135,3.0107,36.748,76.413,3.0119,-1470,-1260,210,0,4.4167,8.4247,-0.0066345,-0.030991,-10.994,-0.11624,1.4189,-14.165,18.314,6.5886,22.423,-15.058,-1.1562,8.942,-4.6674,2.1927,-5.7491
"g4-007",4,0,0.074309,0.062167,0.30921,2.9791,0.45682,0.49481,87.049,1105.9,1.2817,0.77597,0.15419,83.217,27.928,3.4764,41.773,85.495,3.4764,-1370,-1090,280,0,3.9201,7.6506,-0.0091901,-0.034889,-9.1261,-0.12652,1.545,-13.149,21.318,6.0861,25.79,-16.561,-0.91832,-4.4965,-2.6521,-13.829,-1.1636
"g4-008",4,0,0.072531,0.067417,0.36992,2.539,0.65968,0.5242,68.637,1277.1,1.1577,0.64957,0.095369,75.401,36.987,3.0547,40.508,70.949,3.0688,-2000,-1830,170,0,3.9496,7.7103,-0.030123,-0.067921,-9.2079,-0.005705,1.7169,-13.23,16.685,6.3258,20.389,-12.606,-1.9873,11.094,-5.1159,3.9083,-6.0515
"g4-009",4,0,0.066912,0.066175,0.30599,2.768,0.63191,0.47793,79.423,1073.8,1.4822,0.75386,0.12189,77.73,29.915,3.0661,39.444,85.373,3.0661,-1520,-1170,350,0,4.1584,8.0611,-0.0089167,-0.030838,-9.9856,-0.10023,1.556,-14.715,20.021,6.4101,24.38,-13.831,-0.84324,4.9413,-3.8118,-3.2667,-3.7797
"g4-010",4,0,0.067198,0.062927,0.39771,3.7411,0.57294,0.49641,76.488,1077.4,1.005,0.85112,0.15164,85.808,26.99,4.0098,46.726,78.325,4.0102,-1220,-990,230,0,3.863,7.4961,-0.007294,-0.038633,-9.1679,-0.21983,1.2866,-10.15,22.27,5.8297,26.859,-20.329,-0.8054,-5.0687,-2.5358,-13.714,-1.0996
"g4-011",4,0,0.063979,0.071315,0.32929,3.1842,0.62721,0.43826,99.584,1123.3,1.2372,0.77882,0.089929,76.388,30.224,3.1524,41.27,76.214,3.1568,-1720,-1300,420,0,3.9647,7.7627,-0.018575,-0.04759,-9.0366,-0.041509,1.2746,-12.38,19.434,5.8465,23.625,-14.242,-0.84877,8.4446,-3.3913,0.77995,-3.4663
"g4-012",4,0,0.062152,0.071854,0.32073,2.8223,0.927,0.58245,109.62,1142.2,1.5882,0.76037,0.069207,63.008,32.582,2.4022,38.127,74.291,2.4064,-1940,-1500,440,0,4.0475,7.913,-0.014642,-0.037094,-9.1177,-0.017942,1.3873,-13.859,17.598,6.1063,21.674,0.12923,-1.6682,28.509,-4.3662,21.484,-5.1047
"g4-013",4,0,0.064358,0.079917,0.35401,3.5198,0.72754,0.51983,85.636,1232.1,1.3887,0.66794,0.16471,82.442,35.257,3.0869,37.442,83.025,3.0888,-1800,-1670,130,0,4.0846,7.9524,-0.016618,-0.043349,-9.5223,-0.043292,1.7199,-12.99,20.677,6.4765,24.832,-19.243,-1.0676,3.9956,-4.1734,-2.4518,-4.9265
"g4-014",4,0,0.086627,0.06584,0.30627,3.5571,0.5351,0.39948,78.872,1242.5,1.1291,0.67622,0.14044,89.361,30.712,3.8902,43.535,86.87,3.9003,NA,NA,0,0,3.7392,7.3564,0.010101,-0.0022421,-8.1766,-0.24843,1.4475,-11.333,23.073,5.8698,27.92,-22.407,-0.84983,-16.809,-1.4467,-28.169,0.6412
"g4-015",4,0,0.081397,0.060767,0.33919,2.944,0.61223,0.47574,73.25,1000.6,1.0293,0.67851,0.13319,65.173,25.581,3.0763,47.196,62.693,3.0767,-1480,-860,620,0,3.7877,7.4005,-0.022867,-0.059332,-9.0483,-0.093587,1.3416,-10.258,17.342,5.7642,21.336,-1.8016,-1.7535,6.7867,-3.2891,-6.1486,-1.7758
"g4-016",4,0,0.062928,0.064475,0.34754,3.4776,0.75537,0.45239,77.291,1118.9,1.2504,0.75907,0.13737,83.037,28.702,3.7976,45.738,90.417,3.7976,-1500,-1150,350,0,3.9223,7.6631,-0.011665,-0.038873,-9.2064,-0.11624,1.5707,-12.017,24.081,6.1872,28.741,-20.914,-0.20608,-2.0626,-2.5145,-9.591,-1.788
"g4-017",4,0,0.086374,0.067548,0.30202,3.4234,0.57588,0.48051,69.037,1038.3,1.138,0.69595,0.18109,74.218,26.739,3.2817,44.219,72.461,3.2817,-1260,-940,320,0,3.9375,7.6231,-0.0081527,-0.03632,-9.455,-0.16636,1.4422,-10.794,20.055,6.0539,24.381,-10.919,-1.4317,-6.9774,-2.6959,-19.573,-0.74752
"g4-018",4,0,0.081788,0.067308,0.36337,2.8473,0.76487,0.56785,83.415,1296.1,1.1217,0.61449,0.13303,88.916,35.414,3.586,40.33,80.468,3.586,NA,NA,0,0,4.0179,7.85,-0.010111,-0.034734,-9.2188,-0.11304,1.8389,-12.886,19.392,6.5287,23.681,-23.183,-1.0627,-9.2421,-3.6935,-18.059,-3.3565
"g4-019",4,0,0.077889,0.07113,0.30621,2.5566,0.5847,0.54969,83.359,1023.3,1.4469,0.72176,0.14898,72.702,30.017,2.5874,35.59,71.018,2.5874,-1420,-1120,300,0,4.317,8.3019,-0.0070572,-0.028602,-10.591,-0.1041,1.4996,-14.715,16.45,6.5286,20.477,-7.1498,-1.6083,6.9259,-5.0671,-3.4556,-5.0036
"g4-020",4,0,0.060707,0.054836,0.30127,2.8479,0.60627,0.54237,75.717,1276.9,1.2811,0.78097,0.12845,76.461,30.745,3.6895,48.247,92.641,3.7072,-2000,-1510,490,0,3.6194,7.1606,-0.032216,-0.06986,-7.9598,0.0038755,1.9211,-12.604,23.126,6.1418,27.261,-12.564,-1.6994,10.851,-3.1948,4.6645,-2.3344
"g4-021",4,0,0.077239,0.059329,0.31574,2.7986,0.69052,0.56485,102.57,1098.1,1.619,0.93486,0.097633,82.996,28.575,3.2966,39.718,99.541,3.301,-1240,-1140,100,0,4.0588,7.9094,0.003522,-0.0057947,-9.2847,-0.17146,1.404,-15.523,22.499,6.1728,27.564,-16.477,-0.58457,-7.8613,-2.202,-17.233,-0.43373
"g4-022",4,0,0.063515,0.068966,0.37317,2.7692,0.62235,0.46556,90.61,1078.6,1.2403,0.8073,0.12652,81.874,29.88,3.1693,38.708,75.57,3.1693,-1510,-1190,320,0,4.14,8.0402,-0.011564,-0.03485,-9.8235,-0.10067,1.4355,-13.69,18.233,6.2425,22.478,-17.977,-0.60096,4.0387,-3.4917,-2.8038,-3.9949
"g4-023",4,0,0.06028,0.066714,0.40181,3.0099,0.56902,0.49637,69.712,1165.2,1.074,0.75913,0.16111,67.179,31.059,2.9053,43.245,63.309,2.9212,-1890,-1420,470,0,3.7327,7.3319,-0.032752,-0.073237,-8.6136,-0.0075027,1.5399,-10.7,16.665,5.9039,20.385,-2.5703,-2.224,27.483,-4.7767,20.84,-5.2569
"g4-024",4,0,0.063138,0.061399,0.26583,3.365,0.66377,0.478,83.406,1117.2,1.4787,1.0284,0.12693,76.898,26.871,3.5807,46.568,99.394,3.5807,-1570,-1010,560,0,3.8083,7.4709,-0.011848,-0.034528,-8.7901,-0.086671,1.4514,-13.014,25.543,5.917,30.269,-13.727,-0.69917,2.7588,-2.5012,-5.6531,-0.97733
"g4-025",4,0,0.05589,0.068603,0.39292,2.94,0.63358,0.5379,85.312,1064.1,1.4341,0.66881,0.1573,75.033,30.518,2.8169,37.537,76.717,2.8169,-1590,-1220,370,0,4.1092,7.9811,-0.015139,-0.038649,-9.9065,-0.074022,1.5968,-13.744,18.734,6.4156,22.907,-10.642,-1.3121,17.125,-4.3857,11.878,-5.2866
"g4-026",4,0,0.074912,0.063479,0.36285,3.3816,0.528,0.50568,81.62,1082.7,1.3883,0.78883,0.1512,77.44,28.344,3.2567,42.053,85.742,3.2567,-1440,-1090,350,0,3.9331,7.6592,-0.010539,-0.033351,-9.4107,-0.11625,1.4656,-12.637,22.258,6.0694,26.782,-12.066,-1.361,-1.2112,-3.2091,-11.483,-1.5087
"g4-027",4,0,0.06751,0.06097,0.30757,3.0365,0.62206,0.43047,79.43,1088.8,1.4765,0.80408,0.13302,77.695,27.571,3.3874,43.602,94.007,3.3874,-1510,-1050,460,0,3.9196,7.6714,-0.0094011,-0.030716,-9.1208,-0.09997,1.5642,-13.765,23.256,6.1514,27.928,-14.83,-0.5389,0.34188,-2.6567,-8.3227,-1.4506
"g4-028",4,0,0.074049,0.068683,0.30796,3.6216,0.48499,0.49187,99.571,1037.4,1.182,0.83083,0.097856,77.237,27.131,3.3294,43.104,75.964,3.3294,-1430,-990,440,0,3.94,7.677,-0.013959,-0.04204,-9.3163,-0.11297,1.0855,-11.254,20.73,5.623,25.083,-11.852,-1.1829,0.086345,-2.909,-10.842,-1.3233
"g4-029",4,0,0.062799,0.059684,0.31105,3.1303,0.57963,0.51954,81.665,1075.9,1.4925,0.7389,0.11064,85.04,28.552,3.648,42.901,100.99,3.6482,-1350,-1090,260,0,4.0637,7.8847,-0.0054485,-0.025096,-9.6937,-0.15637,1.539,-14.297,24.653,6.3083,29.525,-18.18,-0.62156,-0.56858,-2.9696,-8.1276,-2.0444
"g4-030",4,0,0.074119,0.071073,0.33094,3.2963,0.67658,0.49557,78.861,1176.2,1.482,0.86245,0.21333,80.722,30.852,3.161,39.161,89.297,3.161,-1530,-1340,190,0,4.0067,7.8053,-0.0067652,-0.02719,-9.3475,-0.093348,1.7864,-13.482,22.003,6.4831,26.487,-16.89,-0.8059,-3.733,-3.3839,-13,-2.4614
"g4-031",4,0,0.070697,0.074288,0.313,2.5412,0.6315,0.47007,70.559,1091,1.4814,0.73419,0.11517,69.795,32.925,2.507,35.916,70.734,2.507,-1630,-1370,260,0,4.2478,8.2093,-0.014609,-0.037618,-10.379,-0.061309,1.4744,-14.869,16.15,6.4385,19.989,-6.53,-1.5465,15.266,-5.2126,6.6119,-6.208
"g4-032",4,0,0.066173,0.08403,0.35873,2.8378,0.57754,0.45051,78.48,1036,1.1984,0.80615,0.123,77.881,31.782,2.7091,34.788,62.49,2.7091,-1440,-1220,220,0,4.4454,8.5214,-0.0084864,-0.032662,-11.021,-0.10864,1.2132,-13.437,15.27,6.3503,19.108,-14.074,-0.96437,9.8466,-4.7188,2.8317,-6.1097
"g4-033",4,0,0.072818,0.076547,0.32378,2.7418,0.68384,0.41768,64.645,1004.7,1.6796,0.76409,0.1335,75.935,30.646,2.6014,34.257,80.394,2.6082,-1260,-1100,160,0,4.6545,8.8892,0.0048871,-0.0058507,-11.455,-0.14331,1.3646,-16.067,17.872,6.7934,22.313,-13.68,-0.39445,1.8477,-4.4174,-7.4437,-4.9436
"g4-034",4,0,0.057454,0.059731,0.37174,2.904,0.59126,0.58255,88.673,1049.3,1.3812,0.7472,0.17638,77.087,27.279,3.1725,41.156,83.173,3.1725,-1500,-1000,500,0,3.9215,7.6498,-0.011699,-0.037366,-9.3041,-0.091342,1.696,-13.324,20.773,6.3059,25.216,-11.444,-1.3336,11.756,-3.8283,5.108,-3.6196
"g4-035",4,0,0.081286,0.064874,0.30558,3.0654,0.5602,0.49693,94.443,1205.8,1.3128,0.84558,0.15383,79.084,30.094,3.2887,41.582,84.595,3.2887,-1620,-1360,260,0,3.7987,7.4673,-0.016085,-0.040999,-8.5347,-0.065199,1.5739,-12.769,20.996,5.987,25.328,-14.466,-1.332,-5.1896,-2.6771,-15.748,-0.98652
"g4-036",4,0,0.073386,0.063627,0.27981,3.6748,0.64953,0.34555,88.703,1181,1.6406,0.61966,0.13705,87.957,28.765,3.772,42.884,115.84,3.7791,NA,NA,0,0,3.8524,7.5946,0.0070986,-0.0025927,-8.308,-0.16793,1.5949,-13.774,29.019,6.1169,34.506,-24.313,0.43559,-15.397,-0.68096,-24.253,1.7554
"g4-037",4,0,0.072297,0.064664,0.35354,2.7245,0.6397,0.4973,73.944,1075.6,1.3165,0.79485,0.16088,80.948,29.3,3.2349,39.962,80.866,3.2354,-1330,-1120,210,0,4.1681,8.059,-0.0048695,-0.025525,-10.039,-0.14834,1.6451,-13.998,19.435,6.5345,23.843,-16.385,-0.74244,-1.3541,-3.6324,-10.245,-3.2327
"g4-038",4,0,0.057003,0.077056,0.31517,3.0465,0.5985,0.52238,70.495,1179.8,1.3694,0.7826,0.11368,79.907,35.376,3.0166,37.751,78.878,3.0185,-1760,-1580,180,0,4.1692,8.0626,-0.01928,-0.049259,-10.187,-0.051809,1.5446,-13.944,18.918,6.4124,22.785,-14.888,-1.5553,14.029,-4.706,10.361,-6.1728
"g4-039",4,0,0.061238,0.057564,0.32154,2.8438,0.56268,0.41185,86.766,1080.7,1.5345,0.72612,0.16899,71.746,26.027,3.0644,42.713,89.407,3.0656,-1650,-960,690,0,3.7823,7.4471,-0.012577,-0.036862,-8.4401,-0.052953,1.6511,-13.631,22.008,6.0436,26.579,-8.9518,-0.84187,10.888,-2.8596,3.3703,-2.0058
"g4-040",4,0,0.083278,0.05966,0.34884,2.5789,0.64255,0.51236,86.531,1097.9,1.3232,0.83667,0.10851,81.476,29.15,3.3305,40.88,84.126,3.3351,-1230,-1170,60,0,4.0817,7.9314,0.0010443,-0.014427,-9.5,-0.17537,1.4911,-14.385,19.727,6.2605,24.333,-16.241,-0.79746,-8.0566,-2.7643,-18.491,-1.4953
