"grade","t_min","vol_mL","HR","CO","SV","EF","MAP","LAP","EDP","EDV","mPAP","RAP","E","A","EA","DT","ep","Eep","LAVI","TRv","SD","echoGrade","lapHigh"
0,0,0,70.013,5.5917,79.866,0.57275,96.776,6.8514,9.7695,139.45,13.253,4.0504,87.511,75.468,1.1596,225.46,11.831,7.3965,24.177,2.1023,1.6651,0,0
0,5,143.02,69.213,5.6389,81.472,0.57373,97.653,7.5511,10.768,142.01,13.997,4.7205,90.95,77.041,1.1805,216.4,11.793,7.7122,25.26,2.1192,1.7628,0,0
0,10,241.56,68.758,5.6632,82.365,0.57405,98.258,8.0444,11.418,143.49,14.519,5.2111,93.149,78.041,1.1936,210.97,11.759,7.9213,25.965,2.1289,1.8414,0,0
0,15,313.14,68.416,5.6757,82.959,0.57434,98.54,8.4028,11.88,144.44,14.885,5.5801,94.638,78.697,1.2026,207.4,11.736,8.0637,26.453,2.1339,1.8989,0,0
0,20,368.36,68.187,5.6851,83.376,0.57449,98.811,8.6866,12.234,145.13,15.178,5.87,95.759,79.193,1.2092,204.87,11.718,8.172,26.825,2.138,1.9474,0,0
0,25,413.65,68.001,5.6913,83.694,0.57455,99.044,8.922,12.518,145.67,15.421,6.1088,96.652,79.591,1.2144,202.62,11.702,8.2595,27.126,2.1413,1.9927,0,0
0,30,452.93,67.848,5.6964,83.958,0.57462,99.227,9.1282,12.767,146.11,15.633,6.3196,97.402,79.924,1.2187,201.15,11.689,8.3326,27.381,2.1439,2.0307,0,0
0,35,345.54,68.295,5.6836,83.222,0.57452,98.719,8.5718,12.098,144.85,15.062,5.7516,95.319,78.997,1.2066,205.66,11.727,8.1284,26.679,2.1365,1.922,0,0
0,40,280.4,68.572,5.6705,82.695,0.57422,98.407,8.2388,11.675,144.02,14.717,5.4112,93.965,78.401,1.1985,209.16,11.75,7.9967,26.231,2.1316,1.8695,0,0
0,45,240.9,68.755,5.664,82.38,0.57417,98.209,8.0414,11.423,143.48,14.513,5.2099,93.14,78.028,1.1937,211.05,11.759,7.9204,25.963,2.1285,1.8343,0,0
0,50,216.94,68.869,5.6578,82.153,0.57397,98.103,7.9207,11.259,143.13,14.388,5.0876,92.61,77.795,1.1904,212.28,11.771,7.8679,25.79,2.1266,1.8199,0,0
0,55,202.4,68.935,5.6541,82.021,0.57389,98.026,7.8476,11.164,142.93,14.31,5.0136,92.29,77.651,1.1885,213.21,11.77,7.841,25.688,2.1253,1.8092,0,0
0,60,193.59,68.971,5.6527,81.958,0.57399,97.942,7.8025,11.105,142.79,14.262,4.9706,92.099,77.556,1.1875,213.84,11.779,7.8191,25.627,2.1242,1.8012,0,0
0,65,146.58,69.225,5.6422,81.505,0.57374,97.726,7.5727,10.799,142.07,14.025,4.7406,91.047,77.089,1.1811,216.63,11.787,7.7244,25.29,2.12,1.7617,0,0
0,70,101.67,69.461,5.6294,81.045,0.57349,97.457,7.3505,10.492,141.33,13.789,4.5238,90.002,76.614,1.1747,218.9,11.805,7.6243,24.958,2.1153,1.73,0,0
0,75,58.032,69.696,5.6147,80.561,0.57319,97.189,7.1362,10.188,140.56,13.561,4.3176,88.955,76.135,1.1684,221.65,11.815,7.5287,24.628,2.1101,1.7008,0,0
0,80,15.172,69.946,5.5995,80.054,0.57286,96.917,6.9285,9.8863,139.76,13.338,4.1205,87.906,75.658,1.1619,224.33,11.827,7.433,24.299,2.1048,1.6712,0,0
0,85,-27.218,70.188,5.5812,79.518,0.57247,96.613,6.7227,9.5798,138.91,13.114,3.929,86.833,75.161,1.1553,227.09,11.837,7.336,23.966,2.0987,1.6445,0,0
0,90,-69.323,70.434,5.5612,78.957,0.57214,96.274,6.5187,9.2658,138,12.889,3.7438,85.748,74.648,1.1487,229.65,11.845,7.2394,23.632,2.0919,1.6196,0,0
0,95,-111.26,70.727,5.5398,78.325,0.57159,95.965,6.3193,8.9469,137.04,12.671,3.5668,84.645,74.135,1.1418,232.31,11.857,7.1389,23.288,2.0852,1.5971,0,0
0,100,-153.08,71.012,5.5166,77.686,0.57113,95.603,6.1233,8.6303,136.02,12.451,3.3949,83.532,73.606,1.1349,235.24,11.866,7.0399,22.946,2.0775,1.5692,0,0
0,105,-194.85,71.326,5.4906,76.979,0.57051,95.252,5.93,8.3038,134.93,12.235,3.229,82.402,73.067,1.1278,238.13,11.876,6.9387,22.597,2.0695,1.5463,0,0
0,110,-236.58,71.653,5.4629,76.241,0.56992,94.857,5.7386,7.9743,133.77,12.015,3.0688,81.264,72.52,1.1206,241.19,11.885,6.8378,22.248,2.0609,1.523,0,0
0,115,-278.28,72.013,5.4326,75.438,0.56917,94.45,5.5527,7.6423,132.54,11.802,2.9167,80.111,71.959,1.1133,243.95,11.897,6.7338,21.89,2.0517,1.4979,0,0
0,120,-319.97,72.406,5.4015,74.601,0.56847,94.005,5.3708,7.3078,131.23,11.59,2.7725,78.963,71.403,1.1059,246.84,11.903,6.6341,21.534,2.042,1.4712,0,0
0,125,-361.65,72.782,5.3635,73.692,0.5675,93.544,5.1886,6.9696,129.85,11.369,2.6284,77.778,70.822,1.0982,249.79,11.913,6.5291,21.169,2.0315,1.4519,0,0
0,130,-403.32,73.239,5.3282,72.75,0.56662,93.101,5.0179,6.6353,128.4,11.169,2.4964,76.641,70.278,1.0905,253.15,11.919,6.4301,20.813,2.0212,1.4266,0,0
0,135,-444.99,73.67,5.2865,71.758,0.56573,92.505,4.8445,6.2959,126.84,10.95,2.3695,75.459,69.686,1.0829,256.31,11.93,6.3254,20.447,2.0089,1.4002,0,0
0,140,-486.66,74.157,5.2433,70.706,0.56452,92.018,4.681,5.9663,125.26,10.747,2.2458,74.302,69.138,1.0747,259.1,11.937,6.2245,20.084,1.9975,1.3797,0,0
0,145,-528.33,74.627,5.1939,69.599,0.56333,91.381,4.5156,5.633,123.55,10.531,2.1285,73.105,68.541,1.0666,262.6,11.949,6.1178,19.712,1.9841,1.3574,0,0
0,150,-570,75.174,5.1462,68.458,0.56207,90.816,4.3641,5.3118,121.82,10.334,2.0181,71.975,68.024,1.0581,265.91,11.958,6.0191,19.354,1.9715,1.3348,0,0
0,155,-611.67,75.715,5.0932,67.269,0.56066,90.171,4.2127,4.9955,120,10.129,1.9115,70.817,67.483,1.0494,268.89,11.966,5.9184,18.991,1.9578,1.3139,0,0
0,160,-653.33,76.284,5.038,66.043,0.55923,89.485,4.0671,4.686,118.1,9.9288,1.8112,69.674,66.966,1.0404,272.5,11.977,5.8174,18.631,1.9435,1.3083,0,0
0,165,-695,76.881,4.9802,64.777,0.55775,88.753,3.9274,4.3853,116.15,9.7299,1.7165,68.545,66.472,1.0312,275.46,11.985,5.7192,18.274,1.9287,1.3052,0,0
0,170,-736.67,77.496,4.9191,63.476,0.55616,87.982,3.7928,4.0945,114.13,9.5334,1.6266,67.417,65.984,1.0217,278.93,11.995,5.6207,17.917,1.9134,1.3024,0,0
0,175,-778.33,78.143,4.8561,62.143,0.55454,87.148,3.663,3.8144,112.07,9.3366,1.5424,66.305,65.522,1.012,282.27,12.004,5.5234,17.563,1.8977,1.299,0,0
0,180,-820,78.789,4.788,60.77,0.55266,86.329,3.5375,3.5455,109.96,9.1421,1.4584,65.191,65.076,1.0018,368.12,12.018,5.4246,17.212,1.8815,1.2944,0,0
0,185,-861.67,79.478,4.7193,59.378,0.55091,85.409,3.4183,3.288,107.81,8.9499,1.383,64.098,64.645,0.99153,374.64,12.023,5.3312,16.863,1.8649,1.2907,0,0
0,190,-903.33,80.167,4.646,57.955,0.54891,84.48,3.3013,3.042,105.61,8.7574,1.3081,62.997,64.226,0.98086,379.22,12.039,5.2328,16.516,1.8478,1.2855,0,0
0,195,-945,80.885,4.573,56.537,0.54702,83.465,3.1905,2.8084,103.36,8.5677,1.2401,61.925,63.852,0.96981,389.74,12.047,5.1401,16.179,1.8303,1.2789,0,0
0,200,-986.67,81.591,4.494,55.079,0.54479,82.446,3.08,2.5872,101.1,8.3732,1.1711,60.815,63.426,0.95884,394.02,12.058,5.0437,15.834,1.8122,1.2713,0,0
0,205,-1028.3,82.337,4.415,53.621,0.54279,81.328,2.9774,2.3763,98.79,8.1873,1.1101,59.751,63.063,0.94747,409.46,12.068,4.9513,15.501,1.7939,1.262,0,0
0,210,-1070,83.068,4.3309,52.137,0.54043,80.186,2.8723,2.1782,96.475,7.9908,1.0473,58.641,62.629,0.93631,415.64,12.077,4.8554,15.16,1.7749,1.2518,0,0
0,215,-1111.7,83.819,4.2458,50.654,0.53824,78.944,2.7732,1.9899,94.115,7.7996,0.99075,57.555,62.23,0.92487,426.52,12.088,4.7614,14.828,1.7548,1.2395,0,0
0,220,-1153.3,NA,NA,NA,NA,NA,NA,NA,NA,NA,NA,NA,NA,NA,NA,NA,NA,NA,NA,NA,NA,NA
0,225,-1195,NA,NA,NA,NA,NA,NA,NA,NA,NA,NA,NA,NA,NA,NA,NA,NA,NA,NA,NA,NA,NA
0,230,-1236.7,NA,NA,NA,NA,NA,NA,NA,NA,NA,NA,NA,NA,NA,NA,NA,NA,NA,NA,NA,NA,NA
0,235,-1278.3,NA,NA,NA,NA,NA,NA,NA,NA,NA,NA,NA,NA,NA,NA,NA,NA,NA,NA,NA,NA,NA
0,240,-1320,NA,NA,NA,NA,NA,NA,NA,NA,NA,NA,NA,NA,NA,NA,NA,NA,NA,NA,NA,NA,NA
0,245,-1320,NA,NA,NA,NA,NA,NA,NA,NA,NA,NA,NA,NA,NA,NA,NA,NA,NA,NA,NA,NA,NA
0,250,-1320,NA,NA,NA,NA,NA,NA,NA,NA,NA,NA,NA,NA,NA,NA,NA,NA,NA,NA,NA,NA,NA
0,255,-1320,NA,NA,NA,NA,NA,NA,NA,NA,NA,NA,NA,NA,NA,NA,NA,NA,NA,NA,NA,NA,NA
0,260,-1320,NA,NA,NA,NA,NA,NA,NA,NA,NA,NA,NA,NA,NA,NA,NA,NA,NA,NA,NA,NA,NA
0,265,-1320,NA,NA,NA,NA,NA,NA,NA,NA,NA,NA,NA,NA,NA,NA,NA,NA,NA,NA,NA,NA,NA
0,270,-1320,NA,NA,NA,NA,NA,NA,NA,NA,NA,NA,NA,NA,NA,NA,NA,NA,NA,NA,NA,NA,NA
0,275,-1320,NA,NA,NA,NA,NA,NA,NA,NA,NA,NA,NA,NA,NA,NA,NA,NA,NA,NA,NA,NA,NA
0,280,-1320,NA,NA,NA,NA,NA,NA,NA,NA,NA,NA,NA,NA,NA,NA,NA,NA,NA,NA,NA,NA,NA
0,285,-1320,NA,NA,NA,NA,NA,NA,NA,NA,NA,NA,NA,NA,NA,NA,NA,NA,NA,NA,NA,NA,NA
0,290,-1320,NA,NA,NA,NA,NA,NA,NA,NA,NA,NA,NA,NA,NA,NA,NA,NA,NA,NA,NA,NA,NA
0,295,-1320,NA,NA,NA,NA,NA,NA,NA,NA,NA,NA,NA,NA,NA,NA,NA,NA,NA,NA,NA,NA,NA
0,300,-1320,NA,NA,NA,NA,NA,NA,NA,NA,NA,NA,NA,NA,NA,NA,NA,NA,NA,NA,NA,NA,NA
1,0,0,70.003,5.097,72.811,0.57018,104.98,7.7863,11.331,127.7,13.57,3.4577,69.224,98.824,0.70048,227.19,6.3603,10.884,26.443,2.1162,2.9887,1,0
1,5,143.02,68.855,5.1767,75.182,0.57241,106.24,8.4762,12.897,131.34,14.321,4.0256,71.594,98.977,0.72334,219.17,6.3404,11.292,27.608,2.1423,3.1605,1,0
1,10,241.56,68.249,5.2203,76.49,0.57355,107.02,8.9792,13.894,133.37,14.861,4.4617,73.161,99.306,0.73672,214.69,6.3257,11.566,28.383,2.1575,3.2902,1,0
1,15,313.14,67.827,5.243,77.299,0.57417,107.49,9.3439,14.564,134.64,15.244,4.7924,74.209,99.566,0.74532,211.39,6.3149,11.751,28.919,2.1663,3.4041,1,0
1,20,368.36,67.543,5.2592,77.865,0.5746,107.8,9.6304,15.065,135.52,15.541,5.0596,74.978,99.795,0.75132,209.14,6.306,11.89,29.32,2.1724,3.4927,1,0
1,25,413.65,67.319,5.2704,78.291,0.5749,108.06,9.8663,15.46,136.19,15.785,5.2836,75.575,99.991,0.75582,207.73,6.2985,11.999,29.64,2.1768,3.5716,1,0
1,30,452.93,67.128,5.2799,78.655,0.57524,108.24,10.072,15.799,136.73,15.996,5.4822,76.074,100.16,0.75949,206.24,6.2916,12.091,29.914,2.1801,3.5891,1,0
1,35,345.54,67.64,5.2522,77.649,0.57448,107.63,9.5091,14.862,135.17,15.412,4.9481,74.655,99.679,0.74895,210.45,6.3106,11.83,29.152,2.1695,3.4547,1,0
1,40,280.4,68,5.2324,76.947,0.57391,107.25,9.1742,14.263,134.08,15.063,4.6381,73.731,99.43,0.74153,212.78,6.3197,11.667,28.675,2.1622,3.3516,1,0
1,45,240.9,68.258,5.2201,76.475,0.57356,107.01,8.9765,13.886,133.36,14.858,4.4594,73.154,99.306,0.73666,214.69,6.326,11.564,28.378,2.1574,3.2883,1,0
1,50,216.94,68.4,5.2106,76.178,0.5733,106.84,8.8529,13.649,132.89,14.728,4.351,72.781,99.222,0.73352,215.69,6.3304,11.497,28.192,2.154,3.256,1,0
1,55,202.4,68.494,5.2049,75.991,0.57316,106.72,8.7782,13.503,132.59,14.648,4.2872,72.553,99.171,0.7316,216.66,6.3316,11.459,28.078,2.1518,3.2351,1,0
1,60,193.59,68.534,5.2001,75.875,0.57302,106.66,8.7323,13.413,132.42,14.598,4.2455,72.412,99.14,0.7304,216.83,6.3328,11.434,28.01,2.1505,3.2268,1,0
1,65,146.58,68.861,5.1813,75.244,0.5726,106.25,8.4978,12.937,131.41,14.346,4.046,71.67,99.012,0.72385,219.45,6.3401,11.304,27.641,2.143,3.1564,1,0
1,70,101.67,69.173,5.1583,74.571,0.57197,105.88,8.2746,12.463,130.37,14.104,3.8574,70.931,98.907,0.71715,221.44,6.3466,11.176,27.278,2.1353,3.1007,1,0
1,75,58.032,69.492,5.1318,73.848,0.57115,105.52,8.0592,11.985,129.3,13.868,3.6779,70.188,98.821,0.71025,224.03,6.3529,11.048,26.918,2.1274,3.0566,1,0
1,80,15.172,69.855,5.1066,73.103,0.57049,105.1,7.856,11.507,128.14,13.644,3.5137,69.474,98.804,0.70314,226.16,6.359,10.925,26.568,2.119,3.0047,1,0
1,85,-27.218,70.244,5.078,72.29,0.56964,104.7,7.6585,11.019,126.91,13.427,3.3571,68.754,98.823,0.69573,228.69,6.3637,10.804,26.214,2.1104,2.9606,1,0
1,90,-69.323,70.637,5.0476,71.459,0.56884,104.2,7.4661,10.537,125.62,13.205,3.2079,68.031,98.853,0.6882,475.05,6.3698,10.68,25.861,2.1007,2.9125,1,0
1,95,-111.26,71.06,5.0137,70.556,0.56789,103.7,7.2798,10.043,124.24,12.989,3.065,67.315,98.951,0.68029,NA,6.3741,10.561,25.508,2.0908,2.8717,1,0
1,100,-153.08,71.509,4.9758,69.583,0.56673,103.21,7.0992,9.5465,122.78,12.779,2.927,66.596,99.079,0.67215,NA,6.3802,10.438,25.153,2.0805,2.8377,1,0
1,105,-194.85,72.01,4.9365,68.554,0.56551,102.69,6.9278,9.0518,121.23,12.576,2.7987,65.896,99.271,0.66379,NA,6.3855,10.32,24.799,2.07,2.8013,1,0
1,110,-236.58,72.517,4.8944,67.493,0.56437,102.04,6.7596,8.5599,119.59,12.367,2.6776,65.194,99.489,0.65528,NA,6.3902,10.202,24.446,2.0582,2.7617,1,0
1,115,-278.28,73.068,4.8483,66.353,0.56291,101.46,6.6012,8.0747,117.89,12.171,2.5596,64.511,99.77,0.6466,NA,6.3954,10.087,24.097,2.0468,2.7331,1,0
1,120,-319.97,73.619,4.7988,65.185,0.56144,100.75,6.4435,7.6005,116.1,11.965,2.448,63.808,100.02,0.63793,NA,6.402,9.967,23.742,2.0339,2.7011,1,0
1,125,-361.65,74.25,4.7483,63.95,0.55986,100.07,6.3022,7.1358,114.24,11.78,2.3448,63.166,100.42,0.62902,NA,6.4062,9.8602,23.401,2.0217,2.6713,1,0
1,130,-403.32,74.867,4.6941,62.698,0.55828,99.273,6.1601,6.6885,112.31,11.583,2.2461,62.495,100.76,0.62024,NA,6.4129,9.7451,23.055,2.0078,2.6396,1,0
1,135,-444.99,75.551,4.6368,61.373,0.55641,98.541,6.032,6.2553,110.31,11.406,2.1517,61.877,101.22,0.61134,NA,6.4172,9.6424,22.722,1.995,2.6172,1,0
1,140,-486.66,76.254,4.5761,60.011,0.55464,97.673,5.9067,5.8369,108.26,11.222,2.0652,61.255,101.65,0.60259,NA,6.423,9.5367,22.387,1.981,2.5906,1,0
1,145,-528.33,76.934,4.5126,58.655,0.5526,96.754,5.7758,5.4465,106.14,11.028,1.9802,60.575,101.97,0.59403,NA,6.4285,9.4229,22.041,1.9657,2.5665,1,0
1,150,-570,77.708,4.4497,57.262,0.55056,95.887,5.6667,5.0794,104.02,10.86,1.9022,59.992,102.46,0.58549,NA,6.4345,9.3234,21.723,1.9517,2.5457,1,0
1,155,-611.67,78.418,4.3796,55.85,0.54842,94.861,5.5417,4.7298,101.84,10.663,1.8259,59.297,102.73,0.57724,NA,6.4399,9.2078,21.377,1.9352,2.5232,1,0
1,160,-653.33,79.253,4.3108,54.393,0.54622,93.864,5.4439,4.4017,99.601,10.501,1.7591,58.736,103.2,0.56914,NA,6.4459,9.1121,21.066,1.9206,2.5123,1,0
1,165,-695,80.019,4.2383,52.966,0.54395,92.737,5.329,4.0998,97.372,10.309,1.6922,58.053,103.4,0.56145,NA,6.4518,8.998,20.728,1.9036,2.5104,1,0
1,170,-736.67,80.863,4.1647,51.503,0.54156,91.646,5.2356,3.82,95.115,10.142,1.6302,57.464,103.72,0.55403,NA,6.4566,8.9002,20.417,1.8874,2.5261,1,0
1,175,-778.33,81.643,4.0865,50.054,0.53908,90.415,5.1242,3.5603,92.851,9.9461,1.569,56.748,103.76,0.54694,NA,6.4623,8.7815,20.077,1.8682,2.5475,1,0
1,180,-820,82.522,4.0087,48.577,0.5365,89.202,5.0392,3.3219,90.546,9.7811,1.5142,56.161,103.96,0.54021,NA,6.4686,8.682,19.772,1.8502,2.5909,1,0
1,185,-861.67,83.315,3.9233,47.089,0.53377,87.829,4.9358,3.0969,88.221,9.5825,1.4583,55.436,103.85,NA,NA,6.4746,8.562,19.434,1.8292,2.6307,NA,0
1,190,-903.33,84.181,3.8386,45.6,0.53114,86.389,4.849,2.8931,85.854,9.4035,1.4095,54.793,103.85,NA,NA,6.4801,8.4556,19.122,1.8093,2.487,NA,0
1,195,-945,85.023,3.751,44.118,0.52835,84.904,4.7611,2.7073,83.502,9.2181,1.3605,54.107,103.68,NA,NA,6.4862,8.3419,18.802,1.7884,2.4374,NA,0
1,200,-986.67,85.855,3.662,42.653,0.52553,83.336,4.6705,2.5397,81.162,9.0254,1.3117,53.35,103.41,NA,NA,6.4915,8.2184,18.482,1.7668,2.3392,NA,0
1,205,-1028.3,NA,NA,NA,NA,NA,NA,NA,NA,NA,NA,NA,NA,NA,NA,NA,NA,NA,NA,NA,NA,NA
1,210,-1070,NA,NA,NA,NA,NA,NA,NA,NA,NA,NA,NA,NA,NA,NA,NA,NA,NA,NA,NA,NA,NA
1,215,-1111.7,NA,NA,NA,NA,NA,NA,NA,NA,NA,NA,NA,NA,NA,NA,NA,NA,NA,NA,NA,NA,NA
1,220,-1153.3,NA,NA,NA,NA,NA,NA,NA,NA,NA,NA,NA,NA,NA,NA,NA,NA,NA,NA,NA,NA,NA
1,225,-1195,NA,NA,NA,NA,NA,NA,NA,NA,NA,NA,NA,NA,NA,NA,NA,NA,NA,NA,NA,NA,NA
1,230,-1236.7,NA,NA,NA,NA,NA,NA,NA,NA,NA,NA,NA,NA,NA,NA,NA,NA,NA,NA,NA,NA,NA
1,235,-1278.3,NA,NA,NA,NA,NA,NA,NA,NA,NA,NA,NA,NA,NA,NA,NA,NA,NA,NA,NA,NA,NA
1,240,-1320,NA,NA,NA,NA,NA,NA,NA,NA,NA,NA,NA,NA,NA,NA,NA,NA,NA,NA,NA,NA,NA
1,245,-1320,NA,NA,NA,NA,NA,NA,NA,NA,NA,NA,NA,NA,NA,NA,NA,NA,NA,NA,NA,NA,NA
1,250,-1320,NA,NA,NA,NA,NA,NA,NA,NA,NA,NA,NA,NA,NA,NA,NA,NA,NA,NA,NA,NA,NA
1,255,-1320,NA,NA,NA,NA,NA,NA,NA,NA,NA,NA,NA,NA,NA,NA,NA,NA,NA,NA,NA,NA,NA
1,260,-1320,NA,NA,NA,NA,NA,NA,NA,NA,NA,NA,NA,NA,NA,NA,NA,NA,NA,NA,NA,NA,NA
1,265,-1320,NA,NA,NA,NA,NA,NA,NA,NA,NA,NA,NA,NA,NA,NA,NA,NA,NA,NA,NA,NA,NA
1,270,-1320,NA,NA,NA,NA,NA,NA,NA,NA,NA,NA,NA,NA,NA,NA,NA,NA,NA,NA,NA,NA,NA
1,275,-1320,NA,NA,NA,NA,NA,NA,NA,NA,NA,NA,NA,NA,NA,NA,NA,NA,NA,NA,NA,NA,NA
1,280,-1320,NA,NA,NA,NA,NA,NA,NA,NA,NA,NA,NA,NA,NA,NA,NA,NA,NA,NA,NA,NA,NA
1,285,-1320,NA,NA,NA,NA,NA,NA,NA,NA,NA,NA,NA,NA,NA,NA,NA,NA,NA,NA,NA,NA,NA
1,290,-1320,NA,NA,NA,NA,NA,NA,NA,NA,NA,NA,NA,NA,NA,NA,NA,NA,NA,NA,NA,NA,NA
1,295,-1320,NA,NA,NA,NA,NA,NA,NA,NA,NA,NA,NA,NA,NA,NA,NA,NA,NA,NA,NA,NA,NA
1,300,-1320,NA,NA,NA,NA,NA,NA,NA,NA,NA,NA,NA,NA,NA,NA,NA,NA,NA,NA,NA,NA,NA
2,0,0,70.018,4.7584,67.96,0.56482,110.14,15.307,19.441,120.33,21.699,7.4345,80.492,58.634,1.3728,181.79,5.909,13.622,37.422,2.3461,1.6794,2,1
2,5,143.02,69.532,4.7638,68.512,0.56519,110.66,16.177,20.479,121.22,22.576,8.2393,81.356,58.942,1.3803,181.5,5.8739,13.851,37.958,2.3557,1.7723,2,1
2,10,241.56,69.222,4.7662,68.854,0.56542,111.02,16.78,21.193,121.78,23.181,8.8063,81.842,59.162,1.3834,181.56,5.8487,13.993,38.3,2.3615,1.8483,2,1
2,15,313.14,69.002,4.767,69.085,0.56559,111.26,17.217,21.705,122.15,23.62,9.2245,82.139,59.313,1.3848,181.63,5.8275,14.095,38.532,2.3651,1.9041,2,1
2,20,368.36,68.833,4.7667,69.251,0.56569,111.46,17.555,22.09,122.43,23.96,9.5482,82.345,59.435,1.3855,182.17,5.8116,14.169,38.705,2.3678,1.9459,2,1
2,25,413.65,68.695,4.7669,69.392,0.5658,111.59,17.833,22.423,122.65,24.235,9.8157,82.502,59.528,1.3859,182.19,5.7991,14.227,38.844,2.3698,1.9134,2,1
2,30,452.93,68.578,4.7657,69.493,0.56577,111.75,18.075,22.685,122.84,24.478,10.047,82.624,59.611,1.3861,182.3,5.787,14.277,38.959,2.3717,1.9146,2,1
2,35,345.54,68.882,4.7659,69.19,0.56556,111.38,17.418,21.927,122.34,23.816,9.4091,82.268,59.375,1.3856,181.67,5.819,14.138,38.638,2.3668,1.9264,2,1
2,40,280.4,69.081,4.7656,68.985,0.56538,111.19,17.021,21.455,122.01,23.419,9.0258,82.018,59.24,1.3845,181.48,5.837,14.051,38.432,2.3637,1.8777,2,1
2,45,240.9,69.206,4.7658,68.864,0.56541,111.02,16.778,21.188,121.8,23.176,8.7985,81.848,59.156,1.3836,181.62,5.8487,13.994,38.302,2.3614,1.8472,2,1
2,50,216.94,69.285,4.7655,68.782,0.56535,110.94,16.632,21.018,121.66,23.03,8.6603,81.739,59.106,1.3829,181.43,5.8543,13.962,38.221,2.3602,1.8287,2,1
2,55,202.4,69.331,4.7643,68.718,0.56522,110.89,16.541,20.897,121.58,22.939,8.5762,81.658,59.066,1.3825,181.44,5.8588,13.938,38.167,2.3594,1.8175,2,1
2,60,193.59,69.35,4.7644,68.702,0.56531,110.85,16.486,20.836,121.53,22.884,8.5254,81.618,59.046,1.3823,181.34,5.8607,13.926,38.138,2.3586,1.8106,2,1
2,65,146.58,69.499,4.7626,68.528,0.5651,110.67,16.2,20.501,121.27,22.594,8.2548,81.378,58.936,1.3808,181.29,5.8731,13.856,37.972,2.356,1.7744,2,1
2,70,101.67,69.654,4.7621,68.368,0.56505,110.53,15.928,20.176,120.99,22.322,7.9998,81.138,58.854,1.3786,181.3,5.8848,13.788,37.813,2.3532,1.7403,2,1
2,75,58.032,69.806,4.7611,68.206,0.56501,110.33,15.661,19.881,120.72,22.052,7.7578,80.87,58.748,1.3766,181.51,5.8956,13.717,37.647,2.35,1.7084,2,1
2,80,15.172,69.943,4.759,68.041,0.56489,110.17,15.399,19.559,120.45,21.787,7.5156,80.598,58.653,1.3741,181.48,5.9066,13.646,37.485,2.3469,1.6896,2,1
2,85,-27.218,70.088,4.7563,67.862,0.56475,110.02,15.142,19.242,120.16,21.528,7.2797,80.308,58.567,1.3712,182,5.9156,13.576,37.318,2.3438,1.6703,2,1
2,90,-69.323,70.241,4.7537,67.677,0.56461,109.86,14.885,18.924,119.86,21.27,7.0484,79.998,58.485,1.3678,182.09,5.9261,13.499,37.147,2.3404,1.6513,2,1
2,95,-111.26,70.387,4.7502,67.487,0.56446,109.69,14.628,18.606,119.56,21.009,6.8189,79.667,58.402,1.3641,182.32,5.9345,13.424,36.973,2.3368,1.633,2,1
2,100,-153.08,70.544,4.7463,67.282,0.56431,109.52,14.372,18.285,119.24,20.751,6.5941,79.312,58.328,1.3598,183.09,5.9427,13.346,36.792,2.333,1.6124,2,1
2,105,-194.85,70.714,4.7445,67.094,0.5643,109.31,14.119,17.986,118.9,20.491,6.3756,78.945,58.268,1.3549,183.4,5.9524,13.263,36.611,2.3288,1.5786,2,1
2,110,-236.58,70.879,4.74,66.875,0.56412,109.13,13.864,17.661,118.55,20.231,6.1565,78.547,58.213,1.3493,183.87,5.9601,13.179,36.422,2.3244,1.558,2,1
2,115,-278.28,71.042,4.735,66.65,0.564,108.94,13.609,17.329,118.18,19.971,5.9392,78.133,58.183,1.3429,184.59,5.9685,13.091,36.231,2.3197,1.5393,2,1
2,120,-319.97,71.218,4.7295,66.408,0.5638,108.73,13.353,16.995,117.79,19.708,5.7269,77.684,58.154,1.3358,185.24,5.9758,13,36.031,2.3147,1.5181,1,0
2,125,-361.65,71.389,4.7208,66.127,0.56343,108.56,13.093,16.637,117.37,19.443,5.5148,77.199,58.136,1.3279,186.04,5.9827,12.904,35.822,2.3095,1.5092,1,0
2,130,-403.32,71.575,4.7138,65.858,0.56325,108.33,12.836,16.29,116.93,19.178,5.3092,76.706,58.166,1.3187,187.03,5.9906,12.805,35.613,2.3038,1.4874,1,0
2,135,-444.99,71.782,4.7064,65.565,0.563,108.1,12.579,15.938,116.46,18.912,5.11,76.181,58.21,1.3087,188.4,5.9975,12.702,35.396,2.2976,1.4636,1,0
2,140,-486.66,71.991,4.698,65.258,0.56279,107.84,12.322,15.574,115.95,18.645,4.9139,75.637,58.3,1.2974,189.54,6.0036,12.598,35.175,2.2909,1.4414,1,0
2,145,-528.33,72.199,4.6862,64.906,0.56239,107.62,12.062,15.189,115.42,18.376,4.7189,75.059,58.418,1.2848,190.92,6.0111,12.487,34.945,2.284,1.4289,1,0
2,150,-570,72.431,4.6742,64.534,0.56197,107.37,11.804,14.799,114.85,18.108,4.5299,74.462,58.589,1.2709,192.18,6.017,12.375,34.711,2.2767,1.4139,1,0
2,155,-611.67,72.668,4.6603,64.132,0.56151,107.11,11.546,14.398,114.23,17.838,4.3456,73.838,58.795,1.2559,193.66,6.0229,12.26,34.469,2.2688,1.3988,1,0
2,160,-653.33,72.923,4.647,63.725,0.56113,106.76,11.289,13.998,113.57,17.561,4.1692,73.197,59.053,1.2395,195.07,6.0288,12.141,34.225,2.26,1.3722,1,0
2,165,-695,73.191,4.6305,63.265,0.56064,106.43,11.032,13.574,112.85,17.287,3.996,72.537,59.396,1.2213,196.78,6.0357,12.018,33.974,2.2509,1.3557,1,0
2,170,-736.67,73.49,4.6109,62.741,0.55995,106.13,10.777,13.13,112.08,17.018,3.8285,71.852,59.778,1.202,198.32,6.0403,11.895,33.712,2.2416,1.3458,1,0
2,175,-778.33,73.822,4.5929,62.216,0.55942,105.75,10.527,12.687,111.23,16.749,3.6705,71.174,60.308,1.1802,242.08,6.0456,11.773,33.455,2.2316,1.3228,1,0
2,180,-820,74.15,4.5696,61.626,0.55863,105.38,10.276,12.226,110.34,16.478,3.514,70.461,60.837,1.1582,240.98,6.0513,11.644,33.186,2.221,1.3118,1,0
2,185,-861.67,74.476,4.5433,61.003,0.55776,104.96,10.028,11.76,109.4,16.2,3.3603,69.736,61.392,1.1359,245.72,6.0569,11.514,32.914,2.2096,1.3021,1,0
2,190,-903.33,74.878,4.5177,60.335,0.55694,104.5,9.787,11.282,108.35,15.935,3.2197,69.031,62.167,1.1104,256.23,6.0622,11.387,32.643,2.1981,1.2841,1,0
2,195,-945,75.269,4.4879,59.624,0.55599,103.99,9.5467,10.799,107.24,15.663,3.0822,68.293,62.902,1.0857,258.92,6.0678,11.255,32.363,2.1855,1.2702,1,0
2,200,-986.67,75.714,4.455,58.84,0.55484,103.47,9.3131,10.308,106.05,15.399,2.9519,67.565,63.732,1.0601,271.87,6.0725,11.126,32.079,2.173,1.26,1,0
2,205,-1028.3,76.183,4.4221,58.045,0.55388,102.88,9.0912,9.8239,104.8,15.14,2.8291,66.862,64.698,1.0335,283.34,6.078,11.001,31.804,2.1597,1.2386,1,0
2,210,-1070,76.682,4.3833,57.162,0.55259,102.25,8.8731,9.3277,103.45,14.881,2.7112,66.152,65.65,1.0077,NA,6.0828,10.875,31.519,2.1461,1.2261,1,0
2,215,-1111.7,77.196,4.3407,56.23,0.5511,101.63,8.6627,8.8375,102.03,14.629,2.5955,65.449,66.648,0.98201,NA,6.0886,10.75,31.235,2.1322,1.2226,1,0
2,220,-1153.3,77.763,4.2976,55.266,0.54972,100.9,8.4607,8.3568,100.54,14.379,2.4912,64.763,67.686,0.95681,NA,6.0936,10.628,30.952,2.1177,1.2059,1,0
2,225,-1195,78.357,4.2501,54.241,0.54812,100.15,8.2697,7.8825,98.96,14.138,2.3899,64.099,68.761,0.9322,NA,6.0997,10.509,30.671,2.1032,1.198,1,0
2,230,-1236.7,78.977,4.1994,53.173,0.54642,99.332,8.0839,7.4204,97.312,13.898,2.2947,63.437,69.792,0.90894,NA,6.1048,10.391,30.388,2.0881,1.1895,1,0
2,235,-1278.3,79.628,4.1464,52.072,0.54463,98.451,7.907,6.977,95.609,13.66,2.2048,62.789,70.78,0.8871,NA,6.1102,10.276,30.108,2.0727,1.1793,1,0
2,240,-1320,80.288,4.0879,50.916,0.54259,97.541,7.7357,6.5474,93.84,13.425,2.1161,62.145,71.711,0.8666,NA,6.1152,10.162,29.827,2.0569,1.181,1,0
2,245,-1320,80.294,4.0879,50.912,0.5426,97.533,7.7357,6.5459,93.831,13.426,2.117,62.147,71.72,0.86653,NA,6.1153,10.163,29.826,2.057,1.1805,1,0
2,250,-1320,80.3,4.088,50.909,0.5426,97.543,7.7376,6.5451,93.825,13.43,2.1179,62.152,71.732,0.86644,NA,6.1154,10.163,29.827,2.0571,1.1799,1,0
2,255,-1320,80.306,4.0883,50.908,0.54261,97.542,7.7385,6.545,93.822,13.432,2.1184,62.157,71.743,0.86638,NA,6.1155,10.164,29.827,2.0572,1.1792,1,0
2,260,-1320,80.311,4.0885,50.908,0.54262,97.543,7.7394,6.5452,93.822,13.433,2.1187,62.161,71.752,0.86634,NA,6.1155,10.165,29.828,2.0573,1.1787,1,0
2,265,-1320,80.313,4.0887,50.909,0.54262,97.545,7.7402,6.5457,93.824,13.434,2.1188,62.165,71.758,0.86631,NA,6.1155,10.165,29.829,2.0574,1.1783,1,0
2,270,-1320,80.314,4.0888,50.91,0.54263,97.548,7.7407,6.5462,93.826,13.434,2.1188,62.167,71.761,0.86631,NA,6.1155,10.165,29.829,2.0574,1.1781,1,0
2,275,-1320,80.315,4.0889,50.911,0.54262,97.55,7.7411,6.5466,93.827,13.434,2.1187,62.168,71.762,0.86631,NA,6.1155,10.166,29.83,2.0574,1.178,1,0
2,280,-1320,80.314,4.0889,50.912,0.54262,97.552,7.7412,6.547,93.829,13.434,2.1185,62.168,71.761,0.86632,NA,6.1155,10.166,29.83,2.0574,1.1781,1,0
2,285,-1320,80.313,4.0889,50.913,0.54262,97.553,7.7412,6.5472,93.83,13.434,2.1184,62.168,71.76,0.86634,NA,6.1155,10.166,29.83,2.0574,1.1781,1,0
2,290,-1320,80.312,4.0889,50.913,0.54262,97.553,7.7411,6.5473,93.83,13.434,2.1183,62.167,71.758,0.86635,NA,6.1155,10.166,29.83,2.0574,1.1782,1,0
2,295,-1320,80.311,4.0889,50.913,0.54261,97.553,7.741,6.5473,93.83,13.434,2.1182,62.167,71.756,0.86636,NA,6.1155,10.165,29.83,2.0574,1.1783,1,0
2,300,-1320,80.31,4.0888,50.913,0.54261,97.553,7.7409,6.5473,93.83,13.434,2.1182,62.166,71.755,0.86636,NA,6.1155,10.165,29.83,2.0574,1.1784,1,0
3,0,0,70.004,3.4806,49.719,0.54669,86.273,20.809,25.397,90.953,27.181,8.2392,74.559,33.501,2.2256,142.72,5.7371,12.996,41.792,2.5531,0.91813,3,0
3,5,143.02,69.562,3.4768,49.981,0.54665,86.76,21.777,26.466,91.436,28.144,9.0543,75.232,33.716,2.2314,142.9,5.6932,13.214,42.264,2.566,0.94496,3,1
3,10,241.56,69.286,3.4752,50.158,0.54678,87.092,22.444,27.228,91.739,28.807,9.6303,75.63,33.865,2.2333,142.85,5.6596,13.363,42.569,2.5739,0.94898,3,1
3,15,313.14,69.075,3.4728,50.276,0.54682,87.318,22.925,27.776,91.945,29.282,10.052,75.879,33.963,2.2342,143.04,5.6355,13.464,42.777,2.579,0.9522,3,1
3,20,368.36,68.915,3.4707,50.363,0.54684,87.5,23.295,28.185,92.099,29.648,10.379,76.054,34.038,2.2344,143.04,5.6167,13.541,42.931,2.5827,0.95968,3,1
3,25,413.65,68.784,3.4677,50.415,0.54675,87.651,23.59,28.482,92.214,29.943,10.649,76.169,34.094,2.2341,143.12,5.5996,13.603,43.048,2.5855,0.9761,3,1
3,30,452.93,68.677,3.4672,50.485,0.54686,87.783,23.859,28.811,92.32,30.208,10.885,76.291,34.15,2.234,143.49,5.5842,13.662,43.156,2.588,0.99022,3,1
3,35,345.54,68.973,3.472,50.338,0.54685,87.429,23.149,28.017,92.052,29.5,10.239,76.003,34.01,2.2347,142.76,5.623,13.516,42.875,2.5815,0.96145,3,1
3,40,280.4,69.163,3.4736,50.223,0.5467,87.236,22.711,27.51,91.865,29.068,9.8535,75.779,33.919,2.2341,142.81,5.6456,13.423,42.688,2.577,0.96183,3,1
3,45,240.9,69.272,3.4754,50.171,0.5468,87.091,22.448,27.23,91.754,28.805,9.6208,75.649,33.865,2.2338,142.77,5.6596,13.366,42.575,2.574,0.95376,3,1
3,50,216.94,69.343,3.4759,50.126,0.54671,87.013,22.29,27.056,91.688,28.644,9.4791,75.561,33.829,2.2336,142.84,5.669,13.329,42.505,2.5724,0.95168,3,1
3,55,202.4,69.402,3.4776,50.107,0.54682,86.957,22.19,26.966,91.635,28.55,9.3996,75.503,33.811,2.2331,142.67,5.6742,13.306,42.458,2.5711,0.93976,3,1
3,60,193.59,69.405,3.476,50.082,0.54669,86.932,22.128,26.865,91.611,28.486,9.3433,75.462,33.793,2.2331,142.69,5.6772,13.292,42.43,2.5704,0.95208,3,1
3,65,146.58,69.564,3.4793,50.015,0.54681,86.769,21.816,26.552,91.466,28.176,9.0745,75.281,33.729,2.2319,142.77,5.6919,13.226,42.287,2.5667,0.93235,3,1
3,70,101.67,69.683,3.4793,49.93,0.54676,86.618,21.51,26.191,91.322,27.872,8.8126,75.082,33.66,2.2306,142.53,5.707,13.156,42.143,2.5627,0.93445,3,1
3,75,58.032,69.822,3.4802,49.843,0.54671,86.479,21.211,25.846,91.168,27.577,8.5641,74.87,33.596,2.2286,142.77,5.7197,13.09,41.997,2.5588,0.93106,3,1
3,80,15.172,69.955,3.4814,49.767,0.54675,86.323,20.923,25.543,91.024,27.288,8.322,74.661,33.527,2.2269,142.84,5.7325,13.024,41.853,2.5548,0.91692,3,1
3,85,-27.218,70.069,3.4808,49.677,0.54668,86.167,20.629,25.195,90.87,26.993,8.08,74.428,33.458,2.2245,142.75,5.7455,12.954,41.704,2.5504,0.91877,3,0
3,90,-69.323,70.217,3.4828,49.601,0.54678,86.023,20.346,24.898,90.715,26.711,7.848,74.201,33.395,2.2219,143.15,5.7593,12.884,41.556,2.5461,0.90105,3,0
3,95,-111.26,70.337,3.4817,49.5,0.54665,85.875,20.054,24.553,90.552,26.418,7.6135,73.936,33.319,2.219,143.35,5.7704,12.813,41.399,2.5414,0.90155,3,0
3,100,-153.08,70.471,3.4822,49.413,0.54673,85.698,19.763,24.235,90.379,26.126,7.3859,73.668,33.25,2.2156,143.96,5.7832,12.738,41.24,2.5364,0.88747,3,0
3,105,-194.85,70.608,3.4818,49.312,0.54666,85.562,19.474,23.899,90.207,25.837,7.1576,73.385,33.18,2.2117,143.99,5.7933,12.667,41.079,2.5314,0.88374,3,0
3,110,-236.58,70.729,3.4802,49.205,0.54656,85.413,19.18,23.551,90.025,25.541,6.9304,73.077,33.105,2.2074,144.18,5.805,12.589,40.912,2.5259,0.88268,3,0
3,115,-278.28,70.873,3.479,49.088,0.54641,85.282,18.889,23.213,89.838,25.249,6.7083,72.754,33.029,2.2027,144.71,5.8153,12.511,40.741,2.5204,0.87695,3,0
3,120,-319.97,71.02,3.4788,48.983,0.54649,85.088,18.591,22.879,89.633,24.948,6.4927,72.412,32.954,2.1973,145.44,5.8267,12.428,40.563,2.5142,0.86129,3,0
3,125,-361.65,71.153,3.4763,48.857,0.54637,84.925,18.29,22.521,89.421,24.644,6.2752,72.044,32.875,2.1914,145.88,5.8354,12.346,40.38,2.5077,0.8578,3,0
3,130,-403.32,71.308,3.4745,48.726,0.54626,84.777,17.989,22.165,89.199,24.344,6.0634,71.658,32.801,2.1846,146.23,5.8466,12.256,40.193,2.5011,0.85028,3,0
3,135,-444.99,71.463,3.4735,48.605,0.54629,84.594,17.691,21.826,88.974,24.04,5.8553,71.265,32.728,2.1775,147.2,5.8552,12.171,40.004,2.4939,0.83253,3,0
3,140,-486.66,71.607,3.4702,48.462,0.54615,84.417,17.384,21.458,88.733,23.727,5.6472,70.836,32.648,2.1697,147.77,5.8655,12.077,39.807,2.4863,0.82675,3,0
3,145,-528.33,71.757,3.4664,48.308,0.54599,84.245,17.074,21.083,88.479,23.412,5.4434,70.381,32.571,2.1608,148.35,5.8733,11.983,39.604,2.4782,0.81993,3,0
3,150,-570,71.917,3.4625,48.146,0.54581,84.056,16.761,20.705,88.21,23.092,5.244,69.903,32.495,2.1512,149.08,5.8833,11.882,39.395,2.4698,0.81105,3,0
3,155,-611.67,72.08,3.4579,47.972,0.54562,83.865,16.444,20.316,87.922,22.769,5.0493,69.397,32.419,2.1406,149.9,5.8909,11.78,39.18,2.4607,0.80189,3,0
3,160,-653.33,72.252,3.453,47.791,0.54541,83.673,16.127,19.926,87.625,22.444,4.8582,68.873,32.349,2.129,150.76,5.8984,11.677,38.961,2.4512,0.79116,3,0
3,165,-695,72.427,3.4478,47.603,0.54523,83.471,15.805,19.525,87.307,22.114,4.6714,68.325,32.289,2.1161,151.87,5.9068,11.567,38.737,2.4411,0.77992,3,0
3,170,-736.67,72.616,3.4417,47.396,0.54498,83.253,15.479,19.117,86.97,21.778,4.4904,67.746,32.227,2.1022,152.86,5.9141,11.455,38.506,2.4304,0.76677,3,0
3,175,-778.33,72.815,3.4357,47.184,0.54476,83.045,15.154,18.703,86.615,21.443,4.3139,67.152,32.181,2.0867,154,5.9226,11.338,38.272,2.4191,0.75219,3,0
3,180,-820,73.016,3.428,46.949,0.54445,82.805,14.82,18.272,86.231,21.097,4.1434,66.514,32.129,2.0702,155.22,5.9301,11.216,38.027,2.4071,0.73735,3,0
3,185,-861.67,73.208,3.418,46.688,0.54398,82.58,14.481,17.825,85.827,20.745,3.9728,65.848,32.091,2.0519,156.18,5.9357,11.094,37.777,2.3945,0.73166,3,0
3,190,-903.33,73.435,3.4095,46.429,0.54367,82.322,14.144,17.381,85.4,20.393,3.8121,65.172,32.073,2.032,157.58,5.9445,10.963,37.526,2.3812,0.71398,3,0
3,195,-945,73.661,3.3982,46.133,0.54314,82.07,13.799,16.913,84.938,20.034,3.6548,64.451,32.062,2.0102,159.13,5.9504,10.831,37.265,2.3673,0.70379,3,0
3,200,-986.67,73.906,3.3876,45.837,0.54275,81.77,13.455,16.447,84.453,19.67,3.5048,63.72,32.07,1.9869,160.19,5.957,10.697,37.002,2.3525,0.68381,1,0
3,205,-1028.3,74.149,3.3741,45.504,0.54214,81.488,13.106,15.962,83.934,19.303,3.3577,62.949,32.089,1.9617,161.89,5.963,10.557,36.732,2.3371,0.67171,1,0
3,210,-1070,74.42,3.3603,45.153,0.54155,81.189,12.757,15.467,83.378,18.935,3.2178,62.163,32.15,1.9335,163.35,5.9709,10.411,36.459,2.321,0.65647,1,0
3,215,-1111.7,74.698,3.3447,44.777,0.54085,80.856,12.404,14.964,82.79,18.559,3.0825,61.346,32.217,1.9041,165.21,5.9756,10.266,36.18,2.3042,0.64091,1,0
3,220,-1153.3,74.996,3.3283,44.38,0.54015,80.501,12.052,14.451,82.163,18.182,2.9534,60.515,32.335,1.8715,166.8,5.9817,10.117,35.9,2.2868,0.62297,1,0
3,225,-1195,75.306,3.3104,43.959,0.53939,80.127,11.7,13.931,81.497,17.803,2.8294,59.662,32.484,1.8367,168.3,5.9899,9.9606,35.617,2.2686,0.60379,1,0
3,230,-1236.7,75.633,3.2898,43.497,0.53842,79.743,11.346,13.4,80.792,17.421,2.7087,58.786,32.673,1.7992,170.58,5.9943,9.807,35.33,2.25,0.5907,1,0
3,235,-1278.3,75.983,3.2691,43.024,0.53758,79.312,10.998,12.864,80.037,17.041,2.5962,57.906,32.935,1.7582,172.42,6.0002,9.6507,35.045,2.2305,0.56832,1,0
3,240,-1320,76.348,3.2456,42.51,0.53652,78.867,10.65,12.321,79.239,16.658,2.4862,57.008,33.252,1.7144,174.42,6.0063,9.4913,34.757,2.2106,0.56445,1,0
3,245,-1320,76.342,3.2454,42.511,0.53651,78.87,10.65,12.323,79.241,16.658,2.4853,57.007,33.247,1.7147,174.44,6.008,9.4886,34.758,2.2105,0.56441,1,0
3,250,-1320,76.336,3.2452,42.512,0.5365,78.87,10.65,12.323,79.243,16.656,2.4845,57.006,33.242,1.7149,174.46,6.0079,9.4885,34.758,2.2104,0.56438,1,0
3,255,-1320,76.332,3.2447,42.508,0.53646,78.865,10.649,12.323,79.247,16.654,2.484,57,33.215,1.7161,174.28,6.0068,9.4892,34.756,2.2103,0.5644,1,0
3,260,-1320,76.33,3.245,42.512,0.53645,78.865,10.649,12.326,79.247,16.653,2.4838,56.998,33.214,1.7161,174.29,6.0067,9.489,34.756,2.2104,0.56447,1,0
3,265,-1320,76.33,3.2449,42.512,0.53645,78.864,10.648,12.325,79.247,16.653,2.4838,56.997,33.213,1.7161,174.3,6.0067,9.4889,34.756,2.2103,0.56447,1,0
3,270,-1320,76.329,3.2449,42.512,0.53645,78.863,10.648,12.325,79.246,16.653,2.4838,56.997,33.213,1.7161,174.3,6.0067,9.4888,34.756,2.2103,0.56447,1,0
3,275,-1320,76.33,3.2449,42.511,0.53645,78.863,10.648,12.325,79.246,16.653,2.4839,56.996,33.213,1.7161,174.3,6.0067,9.4887,34.756,2.2103,0.56448,1,0
3,280,-1320,76.33,3.2449,42.511,0.53645,78.863,10.648,12.324,79.245,16.653,2.484,56.996,33.213,1.7161,174.3,6.0067,9.4887,34.755,2.2103,0.56448,1,0
3,285,-1320,76.33,3.2449,42.511,0.53645,78.862,10.648,12.324,79.245,16.653,2.484,56.996,33.213,1.7161,174.3,6.0068,9.4887,34.755,2.2103,0.56448,1,0
3,290,-1320,76.331,3.2449,42.511,0.53645,78.862,10.648,12.324,79.245,16.653,2.4841,56.996,33.214,1.7161,174.3,6.0068,9.4887,34.755,2.2103,0.56448,1,0
3,295,-1320,76.331,3.2449,42.511,0.53645,78.863,10.648,12.324,79.245,16.653,2.4841,56.996,33.214,1.716,174.3,6.0068,9.4887,34.755,2.2103,0.56449,1,0
3,300,-1320,76.331,3.2449,42.511,0.53645,78.863,10.648,12.324,79.245,16.653,2.4841,56.996,33.214,1.716,174.29,6.0068,9.4887,34.755,2.2103,0.56449,1,0
4,0,0,78.002,3.2563,41.746,0.52993,81.093,29.986,32.399,78.78,38.711,8.077,76.529,13.753,5.5645,124.99,5.4521,14.037,45.082,3.105,0.49758,3,1
4,5,143.02,77.552,3.2555,41.979,0.53017,81.566,31.169,33.683,79.183,39.89,8.8399,77.282,13.718,5.6338,124.15,5.406,14.295,45.597,3.1275,0.51551,3,1
4,10,241.56,77.23,3.2527,42.117,0.53024,81.884,31.962,34.527,79.434,40.677,9.3766,77.727,13.7,5.6736,123.85,5.3739,14.464,45.923,3.1413,0.52767,3,1
4,15,313.14,76.992,3.2497,42.209,0.53025,82.116,32.531,35.123,79.605,41.239,9.7713,78.019,13.689,5.6996,123.38,5.3513,14.58,46.147,3.1505,0.53631,3,1
4,20,368.36,76.828,3.2485,42.283,0.53035,82.297,32.969,35.602,79.73,41.675,10.083,78.236,13.687,5.7159,123.27,5.3334,14.669,46.315,3.1573,0.54313,3,1
4,25,413.65,76.677,3.246,42.333,0.53031,82.452,33.324,35.962,79.83,42.025,10.336,78.397,13.682,5.7299,123.28,5.3166,14.746,46.447,3.1626,0.54845,3,1
4,30,452.93,76.565,3.2456,42.391,0.53049,82.566,33.633,36.323,79.913,42.33,10.563,78.542,13.685,5.7392,122.94,5.3044,14.807,46.561,3.167,0.55326,3,1
4,35,345.54,76.874,3.2489,42.262,0.53031,82.229,32.806,35.414,79.694,41.5,9.9443,78.167,13.685,5.712,123.69,5.3416,14.634,46.259,3.1548,0.53946,3,1
4,40,280.4,77.083,3.2512,42.178,0.53024,82.013,32.291,34.869,79.546,40.987,9.5808,77.909,13.688,5.6919,123.82,5.363,14.527,46.059,3.1466,0.53151,3,1
4,45,240.9,77.216,3.2532,42.131,0.53027,81.887,31.978,34.545,79.451,40.678,9.3638,77.749,13.697,5.6765,123.85,5.3746,14.466,45.935,3.1415,0.52671,3,1
4,50,216.94,77.284,3.2531,42.092,0.5302,81.807,31.782,34.326,79.39,40.483,9.2309,77.639,13.699,5.6677,123.59,5.3826,14.424,45.856,3.1382,0.52371,3,1
4,55,202.4,77.35,3.255,42.081,0.5303,81.767,31.671,34.225,79.354,40.375,9.1545,77.585,13.708,5.66,123.9,5.3878,14.4,45.811,3.1363,0.52208,3,1
4,60,193.59,77.379,3.2552,42.068,0.53032,81.713,31.593,34.147,79.327,40.298,9.109,77.539,13.707,5.6568,123.96,5.3914,14.382,45.777,3.1349,0.52121,3,1
4,65,146.58,77.519,3.2555,41.996,0.53019,81.578,31.216,33.729,79.21,39.921,8.8493,77.321,13.714,5.6382,124.15,5.4078,14.298,45.622,3.1283,0.51507,3,1
4,70,101.67,77.673,3.2572,41.935,0.53022,81.419,30.851,33.352,79.089,39.557,8.6097,77.106,13.727,5.6172,124.3,5.42,14.226,45.467,3.1216,0.5096,3,1
4,75,58.032,77.797,3.2565,41.858,0.53007,81.291,30.489,32.943,78.967,39.198,8.3741,76.874,13.735,5.5971,124.71,5.4344,14.146,45.31,3.1147,0.50397,3,1
4,80,15.172,77.954,3.258,41.794,0.5301,81.143,30.136,32.576,78.842,38.846,8.1509,76.647,13.753,5.573,124.79,5.4455,14.075,45.154,3.1078,0.49884,3,1
4,85,-27.218,78.09,3.2572,41.711,0.52991,81.005,29.778,32.177,78.714,38.487,7.9283,76.396,13.762,5.5514,125,5.4608,13.99,44.992,3.1007,0.49362,3,1
4,90,-69.323,78.227,3.2575,41.642,0.52991,80.851,29.422,31.801,78.582,38.13,7.7118,76.147,13.779,5.5262,125.33,5.4714,13.917,44.829,3.0932,0.48843,3,1
4,95,-111.26,78.376,3.2577,41.566,0.52989,80.699,29.063,31.422,78.443,37.772,7.501,75.884,13.801,5.4983,125.64,5.4842,13.837,44.66,3.0854,0.48352,3,1
4,100,-153.08,78.499,3.2562,41.481,0.52974,80.558,28.702,31.017,78.304,37.407,7.2859,75.606,13.821,5.4705,125.69,5.4967,13.755,44.489,3.0773,0.47812,3,1
4,105,-194.85,78.66,3.2567,41.402,0.52974,80.406,28.342,30.636,78.156,37.044,7.0816,75.325,13.852,5.438,125.93,5.5071,13.678,44.315,3.069,0.47333,3,1
4,110,-236.58,78.793,3.2545,41.305,0.52953,80.277,27.973,30.224,78.003,36.675,6.8747,75.017,13.878,5.4054,126.53,5.5192,13.592,44.133,3.0603,0.46824,3,1
4,115,-278.28,78.948,3.2542,41.22,0.52953,80.112,27.604,29.828,77.842,36.301,6.6759,74.706,13.914,5.3693,127,5.5309,13.507,43.948,3.0511,0.46348,3,1
4,120,-319.97,79.095,3.2517,41.111,0.52925,79.981,27.231,29.413,77.678,35.924,6.4758,74.37,13.943,5.334,127.46,5.5413,13.421,43.759,3.0417,0.45861,3,1
4,125,-361.65,79.247,3.2503,41.015,0.52922,79.801,26.849,29,77.501,35.537,6.2838,74.024,13.984,5.2934,127.52,5.5503,13.337,43.561,3.0316,0.45406,3,1
4,130,-403.32,79.413,3.2491,40.914,0.5292,79.633,26.465,28.583,77.313,35.15,6.0962,73.667,14.044,5.2456,127.9,5.5609,13.247,43.36,3.0211,0.44962,3,1
4,135,-444.99,79.56,3.2458,40.797,0.52897,79.483,26.078,28.148,77.125,34.755,5.9059,73.287,14.094,5.2,128.59,5.572,13.153,43.155,3.0103,0.44493,3,1
4,140,-486.66,79.738,3.2439,40.683,0.52889,79.3,25.684,27.717,76.921,34.355,5.7265,72.894,14.159,5.1484,129.24,5.5809,13.061,42.942,2.9989,0.44082,3,1
4,145,-528.33,79.888,3.2397,40.553,0.52862,79.142,25.287,27.27,76.714,33.948,5.5434,72.479,14.221,5.0967,129.62,5.5914,12.962,42.726,2.9871,0.43633,3,1
4,150,-570,80.059,3.2355,40.414,0.52833,78.98,24.884,26.815,76.493,33.537,5.3671,72.044,14.296,5.0394,129.89,5.5994,12.866,42.503,2.9748,0.4322,3,1
4,155,-611.67,80.241,3.2322,40.281,0.5282,78.778,24.478,26.364,76.262,33.117,5.1978,71.6,14.382,4.9785,130.81,5.6104,12.762,42.276,2.9619,0.42832,3,1
4,160,-653.33,80.406,3.2266,40.129,0.52791,78.611,24.061,25.886,76.015,32.694,5.0294,71.125,14.481,4.9115,131.53,5.6172,12.662,42.041,2.9483,0.42433,3,1
4,165,-695,80.594,3.2212,39.968,0.52757,78.429,23.643,25.408,75.759,32.263,4.8662,70.634,14.587,4.8423,131.93,5.6277,12.551,41.802,2.9344,0.42067,3,1
4,170,-736.67,80.792,3.2168,39.816,0.52742,78.221,23.224,24.934,75.491,31.829,4.7096,70.138,14.718,4.7656,132.65,5.6342,12.449,41.561,2.9196,0.41713,3,1
4,175,-778.33,80.976,3.2096,39.637,0.52703,78.016,22.794,24.437,75.209,31.381,4.5537,69.602,14.841,4.6897,133.72,5.644,12.332,41.31,2.9044,0.41367,3,1
4,180,-820,81.169,3.2024,39.453,0.52666,77.817,22.36,23.935,74.913,30.933,4.4029,69.051,14.994,4.6053,134.09,5.6506,12.22,41.055,2.8885,0.41038,3,1
4,185,-861.67,81.371,3.194,39.253,0.52619,77.594,21.92,23.42,74.599,30.471,4.2565,68.474,15.15,4.5199,135.34,5.6604,12.097,40.794,2.872,0.40727,3,1
4,190,-903.33,81.582,3.1855,39.047,0.52576,77.374,21.477,22.898,74.269,30.009,4.1155,67.881,15.338,4.4256,135.71,5.667,11.978,40.529,2.8549,0.40434,3,1
4,195,-945,81.804,3.1765,38.83,0.5253,77.142,21.03,22.369,73.921,29.54,3.9794,67.269,15.549,4.3262,136.73,5.6764,11.851,40.259,2.8371,0.40162,3,1
4,200,-986.67,82.037,3.1669,38.603,0.52481,76.898,20.578,21.832,73.556,29.066,3.8481,66.635,15.785,4.2215,137.77,5.6824,11.727,39.985,2.8188,0.39911,3,1
4,205,-1028.3,82.283,3.1566,38.363,0.52429,76.651,20.124,21.287,73.173,28.589,3.722,65.983,16.05,4.1111,138.75,5.6893,11.598,39.707,2.7998,0.39681,3,0
4,210,-1070,82.541,3.1458,38.112,0.52374,76.378,19.666,20.735,72.769,28.103,3.6005,65.311,16.347,3.9952,139.39,5.6963,11.465,39.426,2.7802,0.39474,3,0
4,215,-1111.7,82.813,3.1343,37.848,0.52319,76.103,19.206,20.174,72.341,27.617,3.4844,64.623,16.704,3.8687,140.73,5.7049,11.328,39.141,2.7599,0.39281,3,0
4,220,-1153.3,83.054,3.1192,37.556,0.52235,75.824,18.738,19.601,71.898,27.115,3.3657,63.895,17.057,3.746,141.6,5.711,11.188,38.85,2.7389,0.39089,3,0
4,225,-1195,83.354,3.1063,37.266,0.52173,75.515,18.277,19.03,71.429,26.62,3.2583,63.174,17.514,3.6071,143.02,5.7191,11.046,38.56,2.7175,0.38936,3,0
4,230,-1236.7,83.634,3.0899,36.946,0.52085,75.216,17.808,18.445,70.935,26.116,3.1503,62.418,18.012,3.4653,144.1,5.7254,10.902,38.265,2.6953,0.38787,3,0
4,235,-1278.3,83.965,3.0752,36.625,0.52015,74.871,17.343,17.859,70.413,25.616,3.0529,61.662,18.622,3.3113,145.21,5.7322,10.757,37.971,2.6727,0.38677,3,0
4,240,-1320,84.275,3.057,36.274,0.51918,74.524,16.873,17.265,69.868,25.104,2.9534,60.875,19.305,3.1532,146.27,5.7383,10.609,37.672,2.6495,0.38567,3,0
4,245,-1320,84.279,3.057,36.273,0.51918,74.522,16.872,17.262,69.865,25.105,2.9543,60.873,19.31,3.1524,146.27,5.7384,10.608,37.671,2.6495,0.38571,3,0
4,250,-1320,84.282,3.057,36.272,0.51918,74.522,16.871,17.261,69.863,25.106,2.9549,60.872,19.314,3.1517,146.26,5.7385,10.608,37.67,2.6496,0.38574,3,0
4,255,-1320,84.284,3.0571,36.271,0.51918,74.521,16.871,17.26,69.862,25.107,2.9553,60.872,19.317,3.1513,146.26,5.7385,10.608,37.67,2.6496,0.38576,3,0
4,260,-1320,84.286,3.0571,36.27,0.51918,74.521,16.87,17.259,69.861,25.107,2.9556,60.872,19.319,3.1509,146.25,5.7386,10.608,37.67,2.6496,0.38578,3,0
4,265,-1320,84.287,3.0571,36.27,0.51918,74.521,16.87,17.259,69.86,25.108,2.9557,60.872,19.32,3.1507,146.25,5.7386,10.608,37.67,2.6497,0.38579,3,0
4,270,-1320,84.288,3.0571,36.27,0.51918,74.522,16.87,17.259,69.86,25.108,2.9558,60.872,19.321,3.1506,146.25,5.7386,10.607,37.67,2.6497,0.38579,3,0
4,275,-1320,84.288,3.0571,36.27,0.51918,74.522,16.87,17.259,69.86,25.108,2.9559,60.872,19.321,3.1505,146.25,5.7386,10.607,37.67,2.6497,0.38579,3,0
4,280,-1320,84.289,3.0571,36.27,0.51918,74.522,16.87,17.259,69.86,25.108,2.9559,60.872,19.321,3.1505,146.25,5.7386,10.607,37.67,2.6497,0.38579,3,0
4,285,-1320,84.289,3.0571,36.27,0.51918,74.522,16.87,17.259,69.86,25.108,2.9559,60.872,19.321,3.1505,146.25,5.7386,10.607,37.67,2.6497,0.38579,3,0
4,290,-1320,84.289,3.0571,36.27,0.51918,74.522,16.87,17.259,69.86,25.108,2.9559,60.872,19.321,3.1505,146.25,5.7386,10.607,37.67,2.6497,0.38579,3,0
4,295,-1320,84.289,3.0571,36.27,0.51918,74.522,16.87,17.259,69.86,25.108,2.9559,60.872,19.321,3.1505,146.25,5.7386,10.608,37.67,2.6497,0.38579,3,0
4,300,-1320,84.289,3.0571,36.27,0.51918,74.522,16.87,17.259,69.86,25.108,2.9559,60.872,19.321,3.1505,146.25,5.7386,10.608,37.67,2.6497,0.38579,3,0
